,direction_of_climbing,body_deflection_angle,stepphase_FL,stepphase_FR,stepphase_HR,stepphase_HL,speed_PXperS,step-length_FL,step-length_FR,step-length_HR,step-length_HL,spineROM_FL,spineROM_FR,spineROM_HR,spineROM_HL,cranial_bA,prox_bA,tip_bA,prox_dist,dist_bA,cranial_caudal,amplitude_Spine_A,amplitude_Spine_B,amplitude_Spine_C,amplitude_Tail_A,amplitude_Tail_B,amplitude_Tail_C,amplitude_Tail_Tip
0,UP,,b'nan',b'nan',b'nan',b'nan',329.105,,,,,,,,,,,,,,,,,,,,,
1,UP,,b'nan',b'nan',b'nan',b'nan',329.105,,,,,,,,,,,,,,,,,,,,,
2,UP,,b'nan',b'nan',b'nan',b'nan',524.68,,,,,,,,,,,,,,,,,,,,,
3,UP,,b'nan',b'nan',b'nan',b'nan',147.97,,,,,,,,,,,,,,,,,,,,,
4,UP,,b'nan',b'nan',b'nan',b'nan',561.13,,,,,,,,,,,,,,,,,,,,,
5,UP,,b'nan',b'nan',b'nan',b'nan',26296.125,,,,,,,,,,,,,,,,,,,,,
6,UP,,b'nan',b'nan',b'nan',b'nan',459.395,,,,,,,,,,,,,,,,,,,,,
7,UP,,b'nan',b'nan',b'nan',b'nan',455.5,,,,,,,,,,,,,,,,,,,,,
8,UP,,b'nan',b'nan',b'nan',b'nan',599.51,,,,,,,,,,,,,,,,,,,,,
9,UP,,b'nan',b'nan',b'nan',b'nan',356.05,,,,,,,,,,,,,,,,,,,,,
10,UP,,b'nan',b'nan',b'nan',b'nan',27210.55,,,,,,,,,,,,,,,,,,,,,
11,UP,,b'nan',b'nan',b'nan',b'nan',940.085,,,,,,,,,,,,,,,,,,,,,
12,UP,,b'nan',b'nan',b'nan',b'nan',484.655,,,,,,,,,,,,,,,,,,,,,
13,UP,,b'nan',b'nan',b'nan',b'nan',,,,,,,,,,,,,,,,,,,,,,
14,UP,,b'nan',b'nan',b'nan',b'nan',428.4,,,,,,,,,,,,,,,,,,,,,
15,UP,,b'nan',b'nan',b'nan',b'nan',136.04,,,,,,,,,,,,,,,,,,,,,
16,UP,,b'nan',b'nan',b'nan',b'nan',136.69,,,,,,,,,,,,,,,,,,,,,
17,UP,,b'nan',b'nan',b'nan',b'nan',170.14,,,,,,,,,,,,,,,,,,,,,
18,UP,,b'nan',b'nan',b'nan',b'nan',169.1,,,,,,,,,,,,,,,,,,,,,
19,UP,,b'nan',b'nan',b'nan',b'nan',67.0,,,,,,,,,,,,,,,,,,,,,
20,UP,,b'nan',b'nan',b'nan',b'nan',107.56,,,,,,,,,,,,,,,,,,,,,
21,UP,,b'nan',b'nan',b'nan',b'nan',116.76,,,,,,,,,,,,,,,,,,,,,
22,UP,,b'nan',b'nan',b'nan',b'nan',302.46,,,,,,,,,,,,,,,,,,,,,
23,UP,,b'nan',b'nan',b'nan',b'nan',45.75,,,,,,,,,,,,,,,,,,,,,
24,UP,,b'nan',b'nan',b'nan',b'nan',146.06,,,,,,,,,,,,,,,,,,,,,
25,UP,,b'nan',b'nan',b'nan',b'nan',104.85,,,,,,,,,,,,,,,,,,,,,
26,UP,,b'nan',b'nan',b'nan',b'nan',214.12,,,,,,,,,,,,,,,,,,,,,
27,UP,,b'nan',b'nan',b'nan',b'nan',70.19,,,,,,,,,,,,,,,,,,,,,
28,UP,,b'nan',b'nan',b'nan',b'nan',151.55,,,,,,,,,,,,,,,,,,,,,
29,UP,,b'nan',b'nan',b'nan',b'nan',108.03,,,,,,,,,,,,,,,,,,,,,
30,UP,,b'nan',b'nan',b'nan',b'nan',178.08,,,,,,,,,,,,,,,,,,,,,
31,UP,,b'nan',b'nan',b'nan',b'nan',66.84,,,,,,,,,,,,,,,,,,,,,
32,UP,,b'nan',b'nan',b'nan',b'nan',294.64,,,,,,,,,,,,,,,,,,,,,
33,UP,,b'nan',b'nan',b'nan',b'nan',53.23,,,,,,,,,,,,,,,,,,,,,
34,UP,,b'nan',b'nan',b'nan',b'nan',355.59,,,,,,,,,,,,,,,,,,,,,
35,UP,,b'nan',b'nan',b'nan',b'nan',133.0,,,,,,,,,,,,,,,,,,,,,
36,UP,,b'nan',b'nan',b'nan',b'nan',86.66,,,,,,,,,,,,,,,,,,,,,
37,UP,,b'nan',b'nan',b'nan',b'nan',195.5,,,,,,,,,,,,,,,,,,,,,
38,UP,,b'nan',b'nan',b'nan',b'nan',251.76,,,,,,,,,,,,,,,,,,,,,
39,UP,,b'nan',b'nan',b'nan',b'nan',203.3,,,,,,,,,,,,,,,,,,,,,
40,UP,,b'nan',b'nan',b'nan',b'nan',312.65,,,,,,,,,,,,,,,,,,,,,
41,UP,,b'nan',b'nan',b'nan',b'nan',278.87,,,,,,,,,,,,,,,,,,,,,
42,UP,,b'nan',b'nan',b'nan',b'nan',672.53,,,,,,,,,,,,,,,,,,,,,
43,UP,,b'nan',b'nan',b'nan',b'nan',169.07,,,,,,,,,,,,,,,,,,,,,
44,UP,,b'nan',b'nan',b'nan',b'nan',400.32,,,,,,,,,,,,,,,,,,,,,
45,UP,,b'nan',b'nan',b'nan',b'nan',148.81,,,,,,,,,,,,,,,,,,,,,
46,UP,,b'nan',b'nan',b'nan',b'nan',389.32,,,,,,,,,,,,,,,,,,,,,
47,UP,,b'nan',b'nan',b'nan',b'nan',248.73,,,,,,,,,,,,,,,,,,,,,
48,UP,,b'nan',b'nan',b'nan',b'nan',415.42,,,,,,,,,,,,,,,,,,,,,
49,UP,,b'nan',b'nan',b'nan',b'nan',86.29,,,,,,,,,,,,,,,,,,,,,
50,UP,,b'nan',b'nan',b'nan',b'nan',563.01,,,,,,,,,,,,,,,,,,,,,
51,UP,,b'nan',b'nan',b'nan',b'nan',379.43,,,,,,,,,,,,,,,,,,,,,
52,UP,,b'nan',b'nan',b'nan',b'nan',451.83,,,,,,,,,,,,,,,,,,,,,
53,UP,,b'nan',b'nan',b'nan',b'nan',266.02,,,,,,,,,,,,,,,,,,,,,
54,UP,,b'nan',b'nan',b'nan',b'nan',68.53,,,,,,,,,,,,,,,,,,,,,
55,UP,,b'nan',b'nan',b'nan',b'nan',101.05,,,,,,,,,,,,,,,,,,,,,
56,UP,,b'nan',b'nan',b'nan',b'nan',318.7,,,,,,,,,,,,,,,,,,,,,
57,UP,,b'nan',b'nan',b'nan',b'nan',233.05,,,,,,,,,,,,,,,,,,,,,
58,UP,,b'nan',b'nan',b'nan',b'nan',761.3,,,,,,,,,,,,,,,,,,,,,
59,UP,,b'nan',b'nan',b'nan',b'nan',480.64,,,,,,,,,,,,,,,,,,,,,
60,UP,,b'nan',b'nan',b'nan',b'nan',283.65,,,,,,,,,,,,,,,,,,,,,
61,UP,,b'nan',b'nan',b'nan',b'nan',14.43,,,,,,,,,,,,,,,,,,,,,
62,UP,,b'nan',b'nan',b'nan',b'nan',542.21,,,,,,,,,,,,,,,,,,,,,
63,UP,,b'nan',b'nan',b'nan',b'nan',332.0,,,,,,,,,,,,,,,,,,,,,
64,UP,,b'nan',b'nan',b'nan',b'nan',793.13,,,,,,,,,,,,,,,,,,,,,
65,UP,,b'nan',b'nan',b'nan',b'nan',92.73,,,,,,,,,,,,,,,,,,,,,
66,UP,,b'nan',b'nan',b'nan',b'nan',258.67,,,,,,,,,,,,,,,,,,,,,
67,UP,,b'nan',b'nan',b'nan',b'nan',213.48,,,,,,,,,,,,,,,,,,,,,
68,UP,,b'nan',b'nan',b'nan',b'nan',91.4,,,,,,,,,,,,,,,,,,,,,
69,UP,,b'nan',b'nan',b'nan',b'nan',100.81,,,,,,,,,,,,,,,,,,,,,
70,UP,,b'nan',b'nan',b'nan',b'nan',73.11,,,,,,,,,,,,,,,,,,,,,
71,UP,,b'nan',b'nan',b'nan',b'nan',311.11,,,,,,,,,,,,,,,,,,,,,
72,UP,,b'nan',b'nan',b'nan',b'nan',150.6,,,,,,,,,,,,,,,,,,,,,
73,UP,,b'nan',b'nan',b'nan',b'nan',86.49,,,,,,,,,,,,,,,,,,,,,
74,UP,,b'nan',b'nan',b'nan',b'nan',164.97,,,,,,,,,,,,,,,,,,,,,
75,UP,,b'nan',b'nan',b'nan',b'nan',305.71,,,,,,,,,,,,,,,,,,,,,
76,UP,,b'nan',b'nan',b'nan',b'nan',103.52,,,,,,,,,,,,,,,,,,,,,
77,UP,,b'nan',b'nan',b'nan',b'nan',263.19,,,,,,,,,,,,,,,,,,,,,
78,UP,,b'nan',b'nan',b'nan',b'nan',352.93,,,,,,,,,,,,,,,,,,,,,
79,UP,,b'nan',b'nan',b'nan',b'nan',279.53,,,,,,,,,,,,,,,,,,,,,
80,UP,,b'nan',b'nan',b'nan',b'nan',196.97,,,,,,,,,,,,,,,,,,,,,
81,UP,,b'nan',b'nan',b'nan',b'nan',118.71,,,,,,,,,,,,,,,,,,,,,
82,UP,,b'nan',b'nan',b'nan',b'nan',407.94,,,,,,,,,,,,,,,,,,,,,
83,UP,,b'nan',b'nan',b'nan',b'nan',118.77,,,,,,,,,,,,,,,,,,,,,
84,UP,,b'nan',b'nan',b'nan',b'nan',266.33,,,,,,,,,,,,,,,,,,,,,
85,UP,,b'nan',b'nan',b'nan',b'nan',125.39,,,,,,,,,,,,,,,,,,,,,
86,UP,,b'nan',b'nan',b'nan',b'nan',98.87,,,,,,,,,,,,,,,,,,,,,
87,UP,,b'nan',b'nan',b'nan',b'nan',249.19,,,,,,,,,,,,,,,,,,,,,
88,UP,,b'nan',b'nan',b'nan',b'nan',243.61,,,,,,,,,,,,,,,,,,,,,
89,UP,,b'nan',b'nan',b'nan',b'nan',49.57,,,,,,,,,,,,,,,,,,,,,
90,UP,,b'nan',b'nan',b'nan',b'nan',123.09,,,,,,,,,,,,,,,,,,,,,
91,UP,,b'nan',b'nan',b'nan',b'nan',250.66,,,,,,,,,,,,,,,,,,,,,
92,UP,,b'nan',b'nan',b'nan',b'nan',1234.2350000000001,,,,,,,,,,,,,,,,,,,,,
93,UP,,b'nan',b'nan',b'nan',b'nan',275.93,,,,,,,,,,,,,,,,,,,,,
94,UP,,b'nan',b'nan',b'nan',b'nan',199.46,,,,,,,,,,,,,,,,,,,,,
95,UP,,b'nan',b'nan',b'nan',b'nan',194.19,,,,,,,,,,,,,,,,,,,,,
96,UP,,b'nan',b'nan',b'nan',b'nan',836.46,,,,,,,,,,,,,,,,,,,,,
97,UP,,b'nan',b'nan',b'nan',b'nan',162.61,,,,,,,,,,,,,,,,,,,,,
98,UP,,b'nan',b'nan',b'nan',b'nan',1045.72,,,,,,,,,,,,,,,,,,,,,
99,UP,,b'nan',b'nan',b'nan',b'nan',560.98,,,,,,,,,,,,,,,,,,,,,
100,UP,,b'nan',b'nan',b'nan',b'nan',351.49,,,,,,,,,,,,,,,,,,,,,
101,UP,,b'nan',b'nan',b'nan',b'nan',433.23,,,,,,,,,,,,,,,,,,,,,
102,UP,,b'nan',b'nan',b'nan',b'nan',783.45,,,,,,,,,,,,,,,,,,,,,
103,UP,,b'nan',b'nan',b'nan',b'nan',359.06,,,,,,,,,,,,,,,,,,,,,
104,UP,,b'nan',b'nan',b'nan',b'nan',630.74,,,,,,,,,,,,,,,,,,,,,
105,UP,,b'nan',b'nan',b'nan',b'nan',575.82,,,,,,,,,,,,,,,,,,,,,
106,UP,,b'nan',b'nan',b'nan',b'nan',824.9,,,,,,,,,,,,,,,,,,,,,
107,UP,,b'nan',b'nan',b'nan',b'nan',186.78,,,,,,,,,,,,,,,,,,,,,
108,UP,,b'nan',b'nan',b'nan',b'nan',724.28,,,,,,,,,,,,,,,,,,,,,
109,UP,,b'nan',b'nan',b'nan',b'nan',402.46,,,,,,,,,,,,,,,,,,,,,
110,UP,,b'nan',b'nan',b'nan',b'nan',382.4,,,,,,,,,,,,,,,,,,,,,
111,UP,,b'nan',b'nan',b'nan',b'nan',152.86,,,,,,,,,,,,,,,,,,,,,
112,UP,,b'nan',b'nan',b'nan',b'nan',206.33,,,,,,,,,,,,,,,,,,,,,
113,UP,,b'nan',b'nan',b'nan',b'nan',229.31,,,,,,,,,,,,,,,,,,,,,
114,UP,,b'nan',b'nan',b'nan',b'nan',626.21,,,,,,,,,,,,,,,,,,,,,
115,UP,,b'nan',b'nan',b'nan',b'nan',373.5,,,,,,,,,,,,,,,,,,,,,
116,UP,,b'nan',b'nan',b'nan',b'nan',622.79,,,,,,,,,,,,,,,,,,,,,
117,UP,,b'nan',b'nan',b'nan',b'nan',222.95,,,,,,,,,,,,,,,,,,,,,
118,UP,,b'nan',b'nan',b'nan',b'nan',1062.24,,,,,,,,,,,,,,,,,,,,,
119,UP,,b'nan',b'nan',b'nan',b'nan',197.49,,,,,,,,,,,,,,,,,,,,,
120,UP,,b'nan',b'nan',b'nan',b'nan',298.04,,,,,,,,,,,,,,,,,,,,,
121,UP,,b'nan',b'nan',b'nan',b'nan',326.95,,,,,,,,,,,,,,,,,,,,,
122,UP,,b'nan',b'nan',b'nan',b'nan',681.26,,,,,,,,,,,,,,,,,,,,,
123,UP,,b'nan',b'nan',b'nan',b'nan',216.97,,,,,,,,,,,,,,,,,,,,,
124,UP,,b'nan',b'nan',b'nan',b'nan',647.47,,,,,,,,,,,,,,,,,,,,,
125,UP,,b'nan',b'nan',b'nan',b'nan',235.62,,,,,,,,,,,,,,,,,,,,,
126,UP,,b'nan',b'nan',b'nan',b'nan',809.835,,,,,,,,,,,,,,,,,,,,,
127,UP,,b'nan',b'nan',b'nan',b'nan',137.76,,,,,,,,,,,,,,,,,,,,,
128,UP,,b'nan',b'nan',b'nan',b'nan',527.2,,,,,,,,,,,,,,,,,,,,,
129,UP,,b'nan',b'nan',b'nan',b'nan',153.88,,,,,,,,,,,,,,,,,,,,,
130,UP,,b'nan',b'nan',b'nan',b'nan',543.55,,,,,,,,,,,,,,,,,,,,,
131,UP,,b'nan',b'nan',b'nan',b'nan',91.05,,,,,,,,,,,,,,,,,,,,,
132,UP,,b'nan',b'nan',b'nan',b'nan',304.96,,,,,,,,,,,,,,,,,,,,,
133,UP,,b'nan',b'nan',b'nan',b'nan',103.82,,,,,,,,,,,,,,,,,,,,,
134,UP,,b'nan',b'nan',b'nan',b'nan',330.27,,,,,,,,,,,,,,,,,,,,,
135,UP,,b'nan',b'nan',b'nan',b'nan',251.35,,,,,,,,,,,,,,,,,,,,,
136,UP,,b'nan',b'nan',b'nan',b'nan',166.81,,,,,,,,,,,,,,,,,,,,,
137,UP,,b'nan',b'nan',b'nan',b'nan',33.83,,,,,,,,,,,,,,,,,,,,,
138,UP,,b'nan',b'nan',b'nan',b'nan',308.03,,,,,,,,,,,,,,,,,,,,,
139,UP,,b'nan',b'nan',b'nan',b'nan',410.3,,,,,,,,,,,,,,,,,,,,,
140,UP,,b'nan',b'nan',b'nan',b'nan',109.31,,,,,,,,,,,,,,,,,,,,,
141,UP,,b'nan',b'nan',b'nan',b'nan',118.98,,,,,,,,,,,,,,,,,,,,,
142,UP,,b'nan',b'nan',b'nan',b'nan',1118.94,,,,,,,,,,,,,,,,,,,,,
143,UP,,b'nan',b'nan',b'nan',b'nan',736.365,,,,,,,,,,,,,,,,,,,,,
144,UP,,b'nan',b'nan',b'nan',b'nan',366.29,,,,,,,,,,,,,,,,,,,,,
145,UP,4.440376174509727,b'nan',b'nan',b'nan',b'nan',220.49,,,,,,,,,-13.168999734876444,,,,,-35.81901709779215,,36.29661303390003,,,,,
146,UP,4.574764835632673,b'nan',b'nan',b'nan',b'nan',485.64,,,,,,,,,,,,,,,,,,,,,
147,UP,4.756510301545621,b'nan',b'nan',b'nan',b'nan',454.65,,,,,,,,,,,,,,,,,17.73444920570779,,,,
148,UP,4.729177632189175,b'nan',b'nan',b'nan',b'nan',478.04,,,,,,,,,,,,,,,,,,,,,
149,UP,5.05346350184596,b'nan',b'nan',b'nan',b'nan',869.465,,,,,,,,,,,,,,,,,,,,,
150,UP,5.948745157806773,b'nan',b'nan',b'nan',b'nan',574.12,,,,,,,,,,,,,,,,,,,,,
151,UP,5.468504578228127,b'nan',b'nan',b'nan',b'nan',330.81,,,,,,,,,,,,,,,,,,,,,
152,UP,5.849654324340541,b'nan',b'nan',b'nan',b'nan',437.55999999999995,,,,,,,,,,,,,,,,,,,,,
153,UP,,b'nan',b'nan',b'nan',b'nan',769.865,,,,,,,,,,,,,,,,,,,,,
154,UP,,b'nan',b'nan',b'nan',b'nan',284.78499999999997,,,,,,,,,,,,,,,,,,,,,
155,UP,5.843797285305966,b'nan',b'nan',b'nan',b'nan',711.09,,,,,,,,,,26.753791574988373,,,,,,,,,44.474905421697514,,
156,UP,,b'nan',b'nan',b'nan',b'nan',513.28,,,,,,,,,,,,,,,,,,,,,
157,UP,5.912053654787535,b'nan',b'nan',b'nan',b'nan',361.85499999999996,,,,,,,,,,26.158993027785208,,,,,,,,,40.975558592420334,,
158,UP,4.9002727096123735,b'nan',b'nan',b'nan',b'nan',330.49,,,,,,,,,,23.6428829907639,,,,,,,,,37.04430832029783,,
159,UP,4.839761562806947,b'nan',b'nan',b'nan',b'nan',569.18,,,,,,,,,,25.412229634180914,,,,,,,,,42.303945530419085,,
160,UP,5.414285997317297,b'nan',b'nan',b'nan',b'nan',438.05,,,,,,,,,,27.518450847221306,,,,,,,,,45.765894086566504,,
161,UP,5.131848273491723,b'nan',b'nan',b'nan',b'nan',293.145,,,,,,,,,,27.58486738262026,,,,,,,,,43.83394467976148,,
162,UP,4.952546820001616,b'nan',b'nan',b'nan',b'nan',527.09,,,,,,,,,,26.212071864066562,,,,,,,23.14574514681755,,42.722160586754434,,
163,UP,,b'nan',b'nan',b'nan',b'nan',675.89,,,,,,,,,,,,,,,,,,,,,
164,UP,,b'nan',b'nan',b'nan',b'nan',459.97,,,,,,,,,,,,,,,,,,,,,
165,UP,,b'nan',b'nan',b'nan',b'nan',861.4100000000001,,,,,,,,,,,,,,,,,,,,,
166,UP,,b'nan',b'nan',b'nan',b'nan',1669.87,,,,,,,,,,,,,,,,,,,,,
167,UP,,b'nan',b'nan',b'nan',b'nan',1161.94,,,,,,,,,,,,,,,,,,,,,
168,UP,,b'nan',b'nan',b'nan',b'nan',855.135,,,,,,,,,,,,,,,,,,,,,
169,UP,,b'nan',b'nan',b'nan',b'nan',277.04499999999996,,,,,,,,,,,,,,,,,,,,,
170,UP,,b'nan',b'nan',b'nan',b'nan',855.06,,,,,,,,,,,,,,,,,,,,,
171,UP,,b'nan',b'nan',b'nan',b'nan',173.055,,,,,,,,,,,,,,,,,,,,,
172,UP,,b'nan',b'nan',b'nan',b'nan',376.195,,,,,,,,,,,,,,,,,,,,,
173,UP,,b'nan',b'nan',b'nan',b'nan',320.41499999999996,,,,,,,,,,,,,,,,,,,,,
174,UP,,b'nan',b'nan',b'nan',b'nan',408.76,,,,,,,,,,,,,,,,,,,,,
175,UP,,b'nan',b'nan',b'nan',b'nan',258.51,,,,,,,,,,,,,,,,,,,,,
176,UP,,b'nan',b'nan',b'nan',b'nan',800.59,,,,,,,,,,,,,,,,,,,,,
177,UP,,b'nan',b'nan',b'nan',b'nan',236.99,,,,,,,,,,,,,,,,,,,,,
178,UP,,b'nan',b'nan',b'nan',b'nan',733.86,,,,,,,,,,,,,,,,,,,,,
179,UP,,b'nan',b'nan',b'nan',b'nan',321.93,,,,,,,,,,,,,,,,,,,,,
180,UP,,b'nan',b'nan',b'nan',b'nan',302.41,,,,,,,,,,,,,,,,,,,,,
181,UP,,b'nan',b'nan',b'nan',b'nan',196.14,,,,,,,,,,,,,,,,,,,,,
182,UP,,b'nan',b'nan',b'nan',b'nan',744.34,,,,,,,,,,,,,,,,,,,,,
183,UP,,b'nan',b'nan',b'nan',b'nan',886.95,,,,,,,,,,,,,,,,,,,,,
184,UP,,b'nan',b'nan',b'nan',b'nan',835.33,,,,,,,,,,,,,,,,,,,,,
185,UP,,b'nan',b'nan',b'nan',b'nan',608.11,,,,,,,,,,,,,,,,,,,,,
186,UP,,b'nan',b'nan',b'nan',b'nan',435.53,,,,,,,,,,,,,,,,,,,,,
187,UP,,b'nan',b'nan',b'nan',b'nan',595.55,,,,,,,,,,,,,,,,,,,,,
188,UP,,b'nan',b'nan',b'nan',b'nan',2017.375,,,,,,,,,,,,,,,,,,,,,
189,UP,,b'nan',b'nan',b'nan',b'nan',462.12,,,,,,,,,,,,,,,,,,,,,
190,UP,,b'nan',b'nan',b'nan',b'nan',775.54,,,,,,,,,,,,,,,,,,,,,
191,UP,,b'nan',b'nan',b'nan',b'nan',476.97,,,,,,,,,,,,,,,,,,,,,
192,UP,,b'nan',b'nan',b'nan',b'nan',1594.4,,,,,,,,,,,,,,,,,,,,,
193,UP,,b'nan',b'nan',b'nan',b'nan',564.94,,,,,,,,,,,,,,,,,,,,,
194,UP,,b'nan',b'nan',b'nan',b'nan',917.94,,,,,,,,,,,,,,,,,,,,,
195,UP,,b'nan',b'nan',b'nan',b'nan',558.79,,,,,,,,,,,,,,,,,,,,,
196,UP,,b'nan',b'nan',b'nan',b'nan',777.25,,,,,,,,,,,,,,,,,,,,,
197,UP,,b'nan',b'nan',b'nan',b'nan',353.72,,,,,,,,,,,,,,,,,,,,,
198,UP,,b'nan',b'nan',b'nan',b'nan',786.06,,,,,,,,,,,,,,,,,,,,,
199,UP,,b'nan',b'nan',b'nan',b'nan',857.72,,,,,,,,,,,,,,,,,,,,,
200,UP,,b'nan',b'nan',b'nan',b'nan',499.71,,,,,,,,,,,,,,,,,,,,,
201,UP,,b'nan',b'nan',b'nan',b'nan',557.26,,,,,,,,,,,,,,,,,,,,,
202,UP,,b'nan',b'nan',b'nan',b'nan',545.92,,,,,,,,,,,,,,,,,,,,,
203,UP,,b'nan',b'nan',b'nan',b'nan',410.85,,,,,,,,,,,,,,,,,,,,,
204,UP,,b'nan',b'nan',b'nan',b'nan',370.34,,,,,,,,,,,,,,,,,,,,,
205,UP,,b'nan',b'nan',b'nan',b'nan',616.62,,,,,,,,,,,,,,,,,,,,,
206,UP,,b'nan',b'nan',b'nan',b'nan',1254.79,,,,,,,,,,,,,,,,,,,,,
207,UP,,b'nan',b'nan',b'nan',b'nan',717.65,,,,,,,,,,,,,,,,,,,,,
208,UP,,b'nan',b'nan',b'nan',b'nan',1740.2,,,,,,,,,,,,,,,,,,,,,
209,UP,,b'nan',b'nan',b'nan',b'nan',698.83,,,,,,,,,,,,,,,,,,,,,
210,UP,,b'nan',b'nan',b'nan',b'nan',1011.21,,,,,,,,,,,,,,,,,,,,,
211,UP,,b'nan',b'nan',b'nan',b'nan',215.59,,,,,,,,,,,,,,,,,,,,,
212,UP,,b'nan',b'nan',b'nan',b'nan',828.76,,,,,,,,,,,,,,,,,,,,,
213,UP,,b'nan',b'nan',b'nan',b'nan',267.1,,,,,,,,,,,,,,,,,,,,,
214,UP,,b'nan',b'nan',b'nan',b'nan',924.17,,,,,,,,,,,,,,,,,,,,,
215,UP,,b'nan',b'nan',b'nan',b'nan',456.38,,,,,,,,,,,,,,,,,,,,,
216,UP,,b'nan',b'nan',b'nan',b'nan',1014.15,,,,,,,,,,,,,,,,,,,,,
217,UP,,b'nan',b'nan',b'nan',b'nan',342.92,,,,,,,,,,,,,,,,,,,,,
218,UP,,b'nan',b'nan',b'nan',b'nan',674.78,,,,,,,,,,,,,,,,,,,,,
219,UP,,b'nan',b'nan',b'nan',b'nan',300.2,,,,,,,,,,,,,,,,,,,,,
220,UP,,b'nan',b'nan',b'nan',b'nan',377.97,,,,,,,,,,,,,,,,,,,,,
221,UP,,b'nan',b'nan',b'nan',b'nan',1000.89,,,,,,,,,,,,,,,,,,,,,
222,UP,,b'nan',b'nan',b'nan',b'nan',1283.74,,,,,,,,,,,,,,,,,,,,,
223,UP,,b'nan',b'nan',b'nan',b'nan',,,,,,,,,,,,,,,,,,,,,,
224,UP,,b'nan',b'nan',b'nan',b'nan',,,,,,,,,,,,,,,,,,,,,,
225,UP,,b'nan',b'nan',b'nan',b'nan',,,,,,,,,,,,,,,,,,,,,,
226,UP,,b'nan',b'nan',b'nan',b'nan',,,,,,,,,,,,,,,,,,,,,,
227,UP,,b'nan',b'nan',b'nan',b'nan',,,,,,,,,,,,,,,,,,,,,,
228,UP,,b'nan',b'nan',b'nan',b'nan',,,,,,,,,,,,,,,,,,,,,,
229,UP,,b'nan',b'nan',b'nan',b'nan',,,,,,,,,,,,,,,,,,,,,,
230,UP,,b'nan',b'nan',b'nan',b'nan',,,,,,,,,,,,,,,,,,,,,,
231,UP,,b'nan',b'nan',b'nan',b'nan',,,,,,,,,,,,,,,,,,,,,,
232,UP,,b'nan',b'nan',b'nan',b'nan',,,,,,,,,,,,,,,,,,,,,,
233,UP,,b'nan',b'nan',b'nan',b'nan',,,,,,,,,,,,,,,,,,,,,,
234,UP,,b'nan',b'nan',b'nan',b'nan',,,,,,,,,,,,,,,,,,,,,,
235,UP,,b'nan',b'nan',b'nan',b'nan',,,,,,,,,,,,,,,,,,,,,,
236,UP,,b'nan',b'nan',b'nan',b'nan',,,,,,,,,,,,,,,,,,,,,,
237,UP,,b'nan',b'nan',b'nan',b'nan',,,,,,,,,,,,,,,,,,,,,,
238,UP,,b'nan',b'nan',b'nan',b'nan',,,,,,,,,,,,,,,,,,,,,,
239,UP,,b'nan',b'nan',b'nan',b'nan',,,,,,,,,,,,,,,,,,,,,,
240,UP,,b'nan',b'nan',b'nan',b'nan',,,,,,,,,,,,,,,,,,,,,,
241,UP,,b'nan',b'nan',b'nan',b'nan',,,,,,,,,,,,,,,,,,,,,,
242,UP,,b'nan',b'nan',b'nan',b'nan',,,,,,,,,,,,,,,,,,,,,,
243,UP,,b'nan',b'nan',b'nan',b'nan',,,,,,,,,,,,,,,,,,,,,,
244,UP,,b'nan',b'nan',b'nan',b'nan',,,,,,,,,,,,,,,,,,,,,,
245,UP,,b'nan',b'nan',b'nan',b'nan',,,,,,,,,,,,,,,,,,,,,,
246,UP,,b'nan',b'nan',b'nan',b'nan',,,,,,,,,,,,,,,,,,,,,,
247,UP,,b'nan',b'nan',b'nan',b'nan',,,,,,,,,,,,,,,,,,,,,,
248,UP,,b'nan',b'nan',b'nan',b'nan',,,,,,,,,,,,,,,,,,,,,,
249,UP,,b'nan',b'nan',b'nan',b'nan',,,,,,,,,,,,,,,,,,,,,,
250,UP,,b'nan',b'nan',b'nan',b'nan',,,,,,,,,,,,,,,,,,,,,,
251,UP,,b'nan',b'nan',b'nan',b'nan',,,,,,,,,,,,,,,,,,,,,,
252,UP,,b'nan',b'nan',b'nan',b'nan',,,,,,,,,,,,,,,,,,,,,,
253,UP,,b'nan',b'nan',b'nan',b'nan',,,,,,,,,,,,,,,,,,,,,,
254,UP,,b'nan',b'nan',b'nan',b'nan',,,,,,,,,,,,,,,,,,,,,,
255,UP,,b'nan',b'nan',b'nan',b'nan',,,,,,,,,,,,,,,,,,,,,,
256,UP,,b'nan',b'nan',b'nan',b'nan',,,,,,,,,,,,,,,,,,,,,,
257,UP,,b'nan',b'nan',b'nan',b'nan',,,,,,,,,,,,,,,,,,,,,,
258,UP,,b'nan',b'nan',b'nan',b'nan',,,,,,,,,,,,,,,,,,,,,,
259,UP,,b'nan',b'nan',b'nan',b'nan',,,,,,,,,,,,,,,,,,,,,,
260,UP,,b'nan',b'nan',b'nan',b'nan',,,,,,,,,,,,,,,,,,,,,,
261,UP,,b'nan',b'nan',b'nan',b'nan',,,,,,,,,,,,,,,,,,,,,,
262,UP,,b'nan',b'nan',b'nan',b'nan',324.64,,,,,,,,,,,,,,,,,,,,,
263,UP,,b'nan',b'nan',b'nan',b'nan',,,,,,,,,,,,,,,,,,,,,,
264,UP,,b'nan',b'nan',b'nan',b'nan',417.6,,,,,,,,,,,,,,,,,,,,,
265,UP,,b'nan',b'nan',b'nan',b'nan',,,,,,,,,,,,,,,,,,,,,,
266,UP,,b'nan',b'nan',b'nan',b'nan',960.485,,,,,,,,,,,,,,,,,,,,,
267,UP,,b'nan',b'nan',b'nan',b'nan',,,,,,,,,,,,,,,,,,,,,,
268,UP,,b'nan',b'nan',b'nan',b'nan',,,,,,,,,,,,,,,,,,,,,,
269,UP,,b'nan',b'nan',b'nan',b'nan',,,,,,,,,,,,,,,,,,,,,,
270,UP,,b'nan',b'nan',b'nan',b'nan',528.86,,,,,,,,,,,,,,,,,,,,,
271,UP,,b'nan',b'nan',b'nan',b'nan',,,,,,,,,,,,,,,,,,,,,,
272,UP,,b'nan',b'nan',b'nan',b'nan',,,,,,,,,,,,,,,,,,,,,,
273,UP,,b'nan',b'nan',b'nan',b'nan',,,,,,,,,,,,,,,,,,,,,,
274,UP,,b'nan',b'nan',b'nan',b'nan',,,,,,,,,,,,,,,,,,,,,,
275,UP,,b'nan',b'nan',b'stance0001',b'nan',,,,,,,,,,,,,,,,,,,,,,
276,UP,,b'nan',b'nan',b'stance0001',b'nan',,,,,,,,,,,,,,,,,,,,,,
277,UP,,b'nan',b'nan',b'stance0001',b'nan',,,,,,,,,,,,,,,,,,,,,,
278,UP,,b'nan',b'nan',b'stance0001',b'nan',,,,,,,,,,,,,,,,,,,,,,
279,UP,,b'nan',b'nan',b'stance0001',b'nan',,,,,,,,,,,,,,,,,,,,,,
280,UP,,b'nan',b'nan',b'stance0001',b'nan',,,,,,,,,,,,,,,,,,,,,,
281,UP,,b'nan',b'nan',b'stance0001',b'nan',,,,,,,,,,,,,,,,,,,,,,
282,UP,,b'nan',b'nan',b'stance0001',b'nan',,,,,,,,,,,,,,,,,,,,,,
283,UP,,b'nan',b'nan',b'stance0001',b'nan',,,,,,,,,,,,,,,,,,,,,,
284,UP,,b'nan',b'nan',b'stance0001',b'nan',,,,,,,,,,,,,,,,,,,,,,
285,UP,,b'nan',b'nan',b'stance0001',b'nan',,,,,,,,,,,,,,,,,,,,,,
286,UP,,b'nan',b'nan',b'stance0001',b'nan',,,,,,,,,,,,,,,,,,,,,,
287,UP,,b'nan',b'nan',b'stance0001',b'nan',,,,,,,,,,,,,,,,,,,,,,
288,UP,,b'nan',b'nan',b'stance0001',b'nan',,,,,,,,,,,,,,,,,,,,,,
289,UP,,b'nan',b'nan',b'stance0001',b'swing0001',,,,,231.04344026177642,,,,,,,,,,,,,,,,,
290,UP,,b'nan',b'nan',b'swing0001',b'swing0001',,,,207.3239375446859,231.04344026177642,,,,,,,,,,,,,,,,,
291,UP,,b'nan',b'nan',b'swing0001',b'swing0001',,,,207.3239375446859,231.04344026177642,,,,,,,,,,,,,,,,,
292,UP,,b'nan',b'nan',b'swing0001',b'swing0001',,,,207.3239375446859,231.04344026177642,,,,,,,,,,,,,,,,,
293,UP,,b'nan',b'nan',b'swing0001',b'swing0001',,,,207.3239375446859,231.04344026177642,,,,,,,,,,,,,,,,,
294,UP,,b'nan',b'nan',b'swing0001',b'swing0001',420.66,,,207.3239375446859,231.04344026177642,,,,,,,,,,,,,,,,,
295,UP,,b'nan',b'nan',b'swing0001',b'swing0001',,,,207.3239375446859,231.04344026177642,,,,,,,,,,,,,,,,,
296,UP,,b'nan',b'nan',b'swing0001',b'swing0001',240.82,,,207.3239375446859,231.04344026177642,,,,,,,,,,,,,,,,,
297,UP,,b'nan',b'nan',b'swing0001',b'swing0001',810.56,,,207.3239375446859,231.04344026177642,,,,,,,,,,,,,,,,,
298,UP,,b'nan',b'nan',b'swing0001',b'swing0001',661.7349999999999,,,207.3239375446859,231.04344026177642,,,,,,,,,,,,,,,,,
299,UP,,b'nan',b'nan',b'swing0001',b'swing0001',291.46,,,207.3239375446859,231.04344026177642,,,,,,,,,,,,,,,,,
300,UP,,b'nan',b'nan',b'swing0001',b'swing0001',330.35,,,207.3239375446859,231.04344026177642,,,,,,,,,,,,,,,,,
301,UP,,b'nan',b'nan',b'swing0001',b'swing0001',265.22,,,207.3239375446859,231.04344026177642,,,,,,,,,,,,,,,,,
302,UP,,b'nan',b'nan',b'swing0001',b'swing0001',1177.0,,,207.3239375446859,231.04344026177642,,,,,,,,,,,,,,,,,
303,UP,,b'nan',b'nan',b'swing0001',b'swing0001',746.2249999999999,,,207.3239375446859,231.04344026177642,,,,,,,,,,,,,,,,,
304,UP,,b'nan',b'nan',b'swing0001',b'swing0001',,,,207.3239375446859,231.04344026177642,,,,,,,,,,,,,,,,,
305,UP,,b'nan',b'nan',b'swing0001',b'swing0001',,,,207.3239375446859,231.04344026177642,,,,,,,,,,,,,,,,,
306,UP,,b'nan',b'nan',b'swing0001',b'swing0001',,,,207.3239375446859,231.04344026177642,,,,,,,,,,,,,,,,,
307,UP,,b'nan',b'nan',b'swing0001',b'swing0001',,,,207.3239375446859,231.04344026177642,,,,,,,,,,,,,,,,,
308,UP,,b'nan',b'nan',b'swing0001',b'swing0001',,,,207.3239375446859,231.04344026177642,,,,,,,,,,,,,,,,,
309,UP,,b'nan',b'nan',b'swing0001',b'swing0001',,,,207.3239375446859,231.04344026177642,,,,,,,,,,,,,,,,,
310,UP,,b'nan',b'nan',b'swing0001',b'swing0001',,,,207.3239375446859,231.04344026177642,,,,,,,,,,,,,,,,,
311,UP,,b'nan',b'nan',b'swing0001',b'swing0001',,,,207.3239375446859,231.04344026177642,,,,,,,,,,,,,,,,,
312,UP,,b'nan',b'nan',b'swing0001',b'swing0001',53334.61,,,207.3239375446859,231.04344026177642,,,,,,,,,,,,,,,,,
313,UP,,b'nan',b'nan',b'swing0001',b'swing0001',489.92,,,207.3239375446859,231.04344026177642,,,,,,,,,,,,,,,,,
314,UP,,b'nan',b'nan',b'swing0001',b'swing0001',,,,207.3239375446859,231.04344026177642,,,,,,,,,,,,,,,,,
315,UP,,b'nan',b'nan',b'swing0001',b'swing0001',,,,207.3239375446859,231.04344026177642,,,,,,,,,,,,,,,,,
316,UP,,b'nan',b'nan',b'swing0001',b'swing0001',690.72,,,207.3239375446859,231.04344026177642,,,,,,,,,,,,,,,,,
317,UP,,b'nan',b'nan',b'swing0001',b'swing0001',572.06,,,207.3239375446859,231.04344026177642,,,,,,,,,,,,,,,,,
318,UP,,b'nan',b'nan',b'swing0001',b'swing0001',263.73,,,207.3239375446859,231.04344026177642,,,,,,,,,,,,,,,,,
319,UP,,b'nan',b'nan',b'swing0001',b'swing0001',205.03,,,207.3239375446859,231.04344026177642,,,,,,,,,,,,,,,,,
320,UP,,b'nan',b'nan',b'swing0001',b'swing0001',611.83,,,207.3239375446859,231.04344026177642,,,,,,,,,,,,,,,,,
321,UP,,b'nan',b'nan',b'swing0001',b'swing0001',1711.22,,,207.3239375446859,231.04344026177642,,,,,,,,,,,,,,,,,
322,UP,,b'nan',b'nan',b'swing0001',b'swing0001',49.7,,,207.3239375446859,231.04344026177642,,,,,,,,,,,,,,,,,
323,UP,,b'nan',b'nan',b'swing0001',b'swing0001',,,,207.3239375446859,231.04344026177642,,,,,,,,,,,,,,,,,
324,UP,,b'nan',b'nan',b'swing0001',b'swing0001',621.66,,,207.3239375446859,231.04344026177642,,,,,,,,,,,,,,,,,
325,UP,,b'nan',b'nan',b'swing0001',b'swing0001',895.97,,,207.3239375446859,231.04344026177642,,,,,,,,,,,,,,,,,
326,UP,,b'nan',b'nan',b'swing0001',b'swing0001',665.38,,,207.3239375446859,231.04344026177642,,,,,,,,,,,,,,,,,
327,UP,,b'nan',b'nan',b'swing0001',b'swing0001',743.35,,,207.3239375446859,231.04344026177642,,,,,,,,,,,,,,,,,
328,UP,,b'nan',b'nan',b'swing0001',b'swing0001',187.99,,,207.3239375446859,231.04344026177642,,,,,,,,,,,,,,,,,
329,UP,,b'nan',b'nan',b'swing0001',b'swing0001',327.2,,,207.3239375446859,231.04344026177642,,,,,,,,,,,,,,,,,
330,UP,,b'nan',b'nan',b'swing0001',b'swing0001',1253.02,,,207.3239375446859,231.04344026177642,,,,,,,,,,,,,,,,,
331,UP,,b'nan',b'nan',b'swing0001',b'swing0001',344.8,,,207.3239375446859,231.04344026177642,,,,,,,,,,,,,,,,,
332,UP,,b'nan',b'nan',b'swing0001',b'swing0001',247.39,,,207.3239375446859,231.04344026177642,,,,,,,,,,,,,,,,,
333,UP,,b'nan',b'nan',b'swing0001',b'swing0001',,,,207.3239375446859,231.04344026177642,,,,,,,,,,,,,,,,,
334,UP,,b'nan',b'nan',b'swing0001',b'swing0001',1337.41,,,207.3239375446859,231.04344026177642,,,,,,,,,,,,,,,,,
335,UP,,b'nan',b'nan',b'swing0001',b'swing0001',335.73,,,207.3239375446859,231.04344026177642,,,,,,,,,,,,,,,,,
336,UP,,b'nan',b'nan',b'swing0001',b'swing0001',379.64,,,207.3239375446859,231.04344026177642,,,,,,,,,,,,,,,,,
337,UP,,b'nan',b'nan',b'swing0001',b'swing0001',237.13,,,207.3239375446859,231.04344026177642,,,,,,,,,,,,,,,,,
338,UP,,b'nan',b'nan',b'swing0001',b'swing0001',759.26,,,207.3239375446859,231.04344026177642,,,,,,,,,,,,,,,,,
339,UP,,b'nan',b'nan',b'swing0001',b'swing0001',349.74,,,207.3239375446859,231.04344026177642,,,,,,,,,,,,,,,,,
340,UP,,b'nan',b'nan',b'swing0001',b'swing0001',598.215,,,207.3239375446859,231.04344026177642,,,,,,,,,,,,,,,,,
341,UP,,b'nan',b'nan',b'swing0001',b'swing0001',773.745,,,207.3239375446859,231.04344026177642,,,,,,,,,,,,,,,,,
342,UP,,b'nan',b'nan',b'swing0001',b'swing0001',776.625,,,207.3239375446859,231.04344026177642,,,,,,,,,,,,,,,,,
343,UP,,b'nan',b'nan',b'swing0001',b'swing0001',,,,207.3239375446859,231.04344026177642,,,,,,,,,,,,,,,,,
344,UP,,b'nan',b'nan',b'swing0001',b'swing0001',948.28,,,207.3239375446859,231.04344026177642,,,,,,,,,,,,,,,,,
345,UP,,b'nan',b'nan',b'swing0001',b'swing0001',596.26,,,207.3239375446859,231.04344026177642,,,,,,,,,,,,,,,,,
346,UP,,b'nan',b'nan',b'swing0001',b'swing0001',665.18,,,207.3239375446859,231.04344026177642,,,,,,,,,,,,,,,,,
347,UP,,b'nan',b'nan',b'swing0001',b'swing0001',706.36,,,207.3239375446859,231.04344026177642,,,,,,,,,,,,,,,,,
348,UP,,b'nan',b'nan',b'swing0001',b'swing0001',219.425,,,207.3239375446859,231.04344026177642,,,,,,,,,,,,,,,,,
349,UP,,b'nan',b'nan',b'swing0001',b'swing0001',49.52,,,207.3239375446859,231.04344026177642,,,,,,,,,,,,,,,,,
350,UP,,b'nan',b'nan',b'swing0001',b'swing0001',299.66,,,207.3239375446859,231.04344026177642,,,,,,,,,,,,,,,,,
351,UP,,b'nan',b'nan',b'swing0001',b'swing0001',30395.24,,,207.3239375446859,231.04344026177642,,,,,,,,,,,,,,,,,
352,UP,,b'nan',b'nan',b'swing0001',b'swing0001',634.995,,,207.3239375446859,231.04344026177642,,,,,,,,,,,,,,,,,
353,UP,,b'nan',b'nan',b'swing0001',b'swing0001',939.605,,,207.3239375446859,231.04344026177642,,,,,,,,,,,,,,,,,
354,UP,,b'nan',b'nan',b'swing0001',b'swing0001',1188.95,,,207.3239375446859,231.04344026177642,,,,,,,,,,,,,,,,,
355,UP,,b'nan',b'nan',b'swing0001',b'swing0001',456.57000000000005,,,207.3239375446859,231.04344026177642,,,,,,,,,,,,,,,,,
356,UP,,b'nan',b'nan',b'swing0001',b'swing0001',1057.0900000000001,,,207.3239375446859,231.04344026177642,,,,,,,,,,,,,,,,,
357,UP,,b'nan',b'nan',b'swing0001',b'swing0001',531.3399999999999,,,207.3239375446859,231.04344026177642,,,,,,,,,,,,,,,,,
358,UP,,b'nan',b'swing0001',b'swing0001',b'swing0001',393.495,,,207.3239375446859,231.04344026177642,,,,,,,,,,,,,,,,,
359,UP,,b'nan',b'swing0001',b'swing0001',b'swing0001',,,,207.3239375446859,231.04344026177642,,,,,,,,,,,,,,,,,
360,UP,,b'nan',b'swing0001',b'stance0002',b'swing0001',819.0150000000001,,,,231.04344026177642,,,,,,,,,,,,,,,,,
361,UP,,b'nan',b'swing0001',b'stance0002',b'swing0001',,,,,231.04344026177642,,,,,,,,,,,,,,,,,
362,UP,,b'nan',b'swing0001',b'stance0002',b'swing0001',29899.475000000002,,,,231.04344026177642,,,,,,,,,,,,,,,,,
363,UP,,b'nan',b'swing0001',b'stance0002',b'swing0001',339.6,,,,231.04344026177642,,,,,,,,,,,,,,,,,
364,UP,,b'nan',b'swing0001',b'stance0002',b'swing0001',64.59,,,,231.04344026177642,,,,,,,,,,,,,,,,,
365,UP,,b'nan',b'swing0001',b'stance0002',b'swing0001',243.69,,,,231.04344026177642,,,,,,,,,,,,,,,,,
366,UP,,b'nan',b'swing0001',b'stance0002',b'swing0001',1064.665,,,,231.04344026177642,,,,,,,,,,,,,,,,,
367,UP,,b'nan',b'swing0001',b'stance0002',b'swing0001',250.04,,,,231.04344026177642,,,,,,,,,,,,,,,,,
368,UP,,b'nan',b'swing0001',b'stance0002',b'swing0001',27804.75,,,,231.04344026177642,,,,,,,,,,,,,,,,,
369,UP,,b'nan',b'swing0001',b'stance0002',b'swing0001',84.91,,,,231.04344026177642,,,,,,,,,,,,,,,,,
370,UP,,b'nan',b'swing0001',b'stance0002',b'swing0001',28586.46,,,,231.04344026177642,,,,,,,,,,,,,,,,,
371,UP,,b'nan',b'swing0001',b'stance0002',b'swing0001',28497.52,,,,231.04344026177642,,,,,,,,,,,,,,,,,
372,UP,,b'nan',b'stance0001',b'stance0002',b'swing0001',29405.335,,,,231.04344026177642,,,,,,,,,,,,,,,,,
373,UP,,b'nan',b'stance0001',b'stance0002',b'swing0001',29595.4,,,,231.04344026177642,,,,,,,,,,,,,,,,,
374,UP,,b'nan',b'stance0001',b'stance0002',b'swing0001',617.435,,,,231.04344026177642,,,,,,,,,,,,,,,,,
375,UP,,b'nan',b'stance0001',b'stance0002',b'swing0001',205.745,,,,231.04344026177642,,,,,,,,,,,,,,,,,
376,UP,,b'nan',b'stance0001',b'stance0002',b'swing0001',427.11,,,,231.04344026177642,,,,,,,,,,,,,,,,,
377,UP,,b'nan',b'stance0001',b'stance0002',b'swing0001',212.06,,,,231.04344026177642,,,,,,,,,,,,,,,,,
378,UP,,b'nan',b'stance0001',b'stance0002',b'swing0001',390.34999999999997,,,,231.04344026177642,,,,,,,,,,,,,,,,,
379,UP,,b'nan',b'stance0001',b'stance0002',b'swing0001',194.24,,,,231.04344026177642,,,,,,,,,,,,,,,,,
380,UP,,b'nan',b'stance0001',b'stance0002',b'swing0001',656.105,,,,231.04344026177642,,,,,,,,,,,,,,,,,
381,UP,,b'nan',b'stance0001',b'stance0002',b'swing0001',366.875,,,,231.04344026177642,,,,,,,,,,,,,,,,,
382,UP,,b'nan',b'stance0001',b'stance0002',b'swing0001',600.86,,,,231.04344026177642,,,,,,,,,,,,,,,,,
383,UP,,b'nan',b'stance0001',b'stance0002',b'swing0001',405.17,,,,231.04344026177642,,,,,,,,,,,,,,,,,
384,UP,,b'nan',b'stance0001',b'stance0002',b'swing0001',177.01999999999998,,,,231.04344026177642,,,,,,,,,,,,,,,,,
385,UP,,b'nan',b'swing0002',b'stance0002',b'swing0001',28838.035,,,,231.04344026177642,,,,,,,,,,,,,,,,,
386,UP,,b'nan',b'swing0002',b'stance0002',b'swing0001',161.385,,,,231.04344026177642,,,,,,,,,,,,,,,,,
387,UP,,b'nan',b'swing0002',b'stance0002',b'swing0001',750.8,,,,231.04344026177642,,,,,,,,,,,,,,,,,
388,UP,,b'nan',b'swing0002',b'stance0002',b'stance0001',978.44,,,,,,,,,,,,,,,,,,,,,
389,UP,,b'nan',b'swing0002',b'stance0002',b'stance0001',936.8100000000001,,,,,,,,,,,,,,,,,,,,,
390,UP,,b'nan',b'swing0002',b'stance0002',b'stance0001',1012.9,,,,,,,,,,,,,,,,,,,,,
391,UP,,b'nan',b'swing0002',b'stance0002',b'stance0001',488.15,,,,,,,,,,,,,,,,,,,,,
392,UP,,b'nan',b'nan',b'stance0002',b'stance0001',28955.34,,,,,,,,,,,,,,,,,,,,,
393,UP,,b'nan',b'nan',b'stance0002',b'stance0001',,,,,,,,,,,,,,,,,,,,,,
394,UP,,b'nan',b'nan',b'stance0002',b'stance0001',1381.0,,,,,,,,,,,,,,,,,,,,,
395,UP,,b'nan',b'nan',b'stance0002',b'stance0001',661.28,,,,,,,,,,,,,,,,,,,,,
396,UP,,b'nan',b'nan',b'stance0002',b'stance0001',437.955,,,,,,,,,,,,,,,,,,,,,
397,UP,,b'nan',b'nan',b'stance0002',b'stance0001',1100.67,,,,,,,,,,,,,,,,,,,,,
398,UP,,b'nan',b'nan',b'stance0002',b'stance0001',629.1800000000001,,,,,,,,,,,,,,,,,,,,,
399,UP,,b'nan',b'nan',b'stance0002',b'stance0001',,,,,,,,,,,,,,,,,,,,,,
400,UP,,b'nan',b'nan',b'stance0002',b'stance0001',809.745,,,,,,,,,,,,,,,,,,,,,
401,UP,,b'nan',b'nan',b'stance0002',b'stance0001',,,,,,,,,,,,,15.427923716471872,,,,,,,,,
402,UP,,b'nan',b'nan',b'stance0002',b'stance0001',406.44,,,,,,,,,,,,16.027287138435327,,,,,,,,,
403,UP,,b'nan',b'nan',b'stance0002',b'stance0001',,,,,,,,,,,,,,,,,,,,,,
404,UP,,b'nan',b'nan',b'stance0002',b'stance0001',866.2449999999999,,,,,,,,,,,,15.991214330453516,,,,,,,,,
405,UP,,b'nan',b'nan',b'stance0002',b'stance0001',562.22,,,,,,,,,,,,16.93054538712728,,,,,,,,,
406,UP,,b'nan',b'nan',b'stance0002',b'stance0001',,,,,,,,,,,,,15.835224449619165,,,,,,,,,
407,UP,,b'nan',b'nan',b'stance0002',b'stance0001',,,,,,,,,,,,,16.097981459032592,,,,,,,,,
408,UP,,b'nan',b'nan',b'stance0002',b'stance0001',,,,,,,,,,,,,,,,,,,,,,
409,UP,,b'nan',b'nan',b'stance0002',b'stance0001',,,,,,,,,,,,,16.000605447261446,,,,,,,,,
410,UP,,b'nan',b'nan',b'stance0002',b'stance0001',,,,,,,,,,,,,15.881277730241676,,,,,,,,,
411,UP,,b'nan',b'nan',b'stance0002',b'stance0001',,,,,,,,,,,,,,,,,,,,,,
412,UP,,b'nan',b'nan',b'stance0002',b'stance0001',,,,,,,,,,,,,15.515638600326174,,,,,,,,,
413,UP,,b'nan',b'nan',b'stance0002',b'stance0001',,,,,,,,,,,,,,,,,,,,,,
414,UP,,b'nan',b'nan',b'stance0002',b'stance0001',996.76,,,,,,,,,,,,,,,,,,,,,
415,UP,,b'nan',b'nan',b'stance0002',b'stance0001',564.98,,,,,,,,,,,,,,,,,,,,,
416,UP,,b'nan',b'nan',b'stance0002',b'stance0001',512.79,,,,,,,,,,,,,,,,,,,,,
417,UP,,b'nan',b'nan',b'stance0002',b'stance0001',,,,,,,,,,,,,,,,,,,,,,
418,UP,,b'nan',b'nan',b'stance0002',b'stance0001',,,,,,,,,,,,,,,,,,,,,,
419,UP,,b'nan',b'nan',b'stance0002',b'stance0001',,,,,,,,,,,,,,,,,,,,,,
420,UP,,b'nan',b'nan',b'stance0002',b'stance0001',,,,,,,,,,,,,,,,,,,,,,
421,UP,,b'nan',b'nan',b'stance0002',b'stance0001',,,,,,,,,,,,,,,,,,,,,,
422,UP,,b'nan',b'nan',b'stance0002',b'stance0001',150.15,,,,,,,,,,,,,,,,,,,,,
423,UP,,b'nan',b'nan',b'stance0002',b'stance0001',451.36,,,,,,,,,,,,,,,,,,,,,
424,UP,,b'nan',b'nan',b'stance0002',b'stance0001',,,,,,,,,,,,,,,,,,,,,,
425,UP,,b'nan',b'nan',b'stance0002',b'stance0001',,,,,,,,,,,,,,,,,,,,,,
426,UP,,b'nan',b'nan',b'stance0002',b'stance0001',221.35,,,,,,,,,,,,,,,,,,,,,
427,UP,,b'nan',b'nan',b'stance0002',b'stance0001',,,,,,,,,,,,,,,,,,,,,,
428,UP,,b'nan',b'nan',b'stance0002',b'stance0001',192.96,,,,,,,,,,,,,,,,,,,,,
429,UP,,b'nan',b'nan',b'stance0002',b'stance0001',,,,,,,,,,,,,,,,,,,,,,
430,UP,,b'nan',b'nan',b'stance0002',b'stance0001',849.55,,,,,,,,,,,,,,,,,,,,,
431,UP,,b'nan',b'nan',b'stance0002',b'stance0001',315.58,,,,,,,,,,,,,,,,,,,,,
432,UP,,b'nan',b'nan',b'stance0002',b'stance0001',207.64,,,,,,,,,,,,,,,,,,,,,
433,UP,,b'nan',b'nan',b'stance0002',b'stance0001',237.1,,,,,,,,,,,,,,,,,,,,,
434,UP,,b'nan',b'nan',b'stance0002',b'stance0001',59.17,,,,,,,,,,,,,,,,,,,,,
435,UP,,b'nan',b'nan',b'stance0002',b'stance0001',43.2,,,,,,,,,,,,,,,,,,,,,
436,UP,,b'nan',b'nan',b'stance0002',b'stance0001',379.47,,,,,,,,,,,,,,,,,,,,,
437,UP,,b'nan',b'nan',b'stance0002',b'stance0001',293.82,,,,,,,,,,,,,,,,,,,,,
438,UP,,b'nan',b'nan',b'stance0002',b'stance0001',321.97,,,,,,,,,,,,,,,,,,,,,
439,UP,,b'nan',b'nan',b'stance0002',b'stance0001',354.42,,,,,,,,,,,,,,,,,,,,,
440,UP,,b'nan',b'nan',b'stance0002',b'stance0001',397.47,,,,,,,,,,,,,,,,,,,,,
441,UP,,b'nan',b'nan',b'stance0002',b'stance0001',268.69,,,,,,,,,,,,,,,,,,,,,
442,UP,,b'nan',b'nan',b'stance0002',b'stance0001',140.11,,,,,,,,,,,,,,,,,,,,,
443,UP,,b'nan',b'nan',b'stance0002',b'stance0001',311.4,,,,,,,,,,,,,,,,,,,,,
444,UP,,b'nan',b'nan',b'stance0002',b'stance0001',187.14,,,,,,,,,,,,,,,,,,,,,
445,UP,,b'nan',b'nan',b'stance0002',b'stance0001',53.47,,,,,,,,,,,,,,,,,,,,,
446,UP,,b'nan',b'nan',b'stance0002',b'stance0001',188.21,,,,,,,,,,,,,,,,,,,,,
447,UP,,b'nan',b'nan',b'stance0002',b'stance0001',244.81,,,,,,,,,,,,,,,,,,,,,
448,UP,,b'nan',b'nan',b'stance0002',b'stance0001',106.53,,,,,,,,,,,,,,,,,,,,,
449,UP,,b'nan',b'nan',b'stance0002',b'stance0001',282.38,,,,,,,,,,,,,,,,,,,,,
450,UP,,b'nan',b'nan',b'stance0002',b'stance0001',404.29,,,,,,,,,,,,,,,,,,,,,
451,UP,,b'nan',b'nan',b'stance0002',b'stance0001',843.015,,,,,,,,,,,,6.571053850862452,,,,,,,,,
452,UP,,b'nan',b'nan',b'stance0002',b'stance0001',569.78,,,,,,,,,,,,6.083953983984072,,,,,,,,,
453,UP,,b'nan',b'nan',b'stance0002',b'stance0001',156.2,,,,,,,,,,,,5.660063308616611,,,,,,,,,
454,UP,,b'nan',b'nan',b'stance0002',b'stance0001',485.49,,,,,,,,,,,,,,,,,,,,,
455,UP,,b'nan',b'nan',b'stance0002',b'stance0001',284.28,,,,,,,,,,,,,,,,,,,,,
456,UP,,b'nan',b'nan',b'stance0002',b'stance0001',260.33000000000004,,,,,,,,,,,,,,,,,,,,,
457,UP,,b'nan',b'nan',b'stance0002',b'stance0001',381.31,,,,,,,,,,,,5.655105792276802,,,,,,,,,
458,UP,,b'nan',b'nan',b'stance0002',b'stance0001',850.47,,,,,,,,,,,,,,,,,,,,,
459,UP,,b'nan',b'nan',b'stance0002',b'stance0001',689.17,,,,,,,,,,,,,,,,,,,,,
460,UP,,b'nan',b'nan',b'stance0002',b'stance0001',530.46,,,,,,,,,,,,,,,,,,,,,
461,UP,,b'nan',b'nan',b'stance0002',b'stance0001',32006.685,,,,,,,,,,,,,,,,,,,,,
462,UP,,b'nan',b'nan',b'stance0002',b'stance0001',1090.98,,,,,,,,,,,,,,,,,,,,,
463,UP,,b'nan',b'nan',b'nan',b'stance0001',662.45,,,,,,,,,,,,,,,,,,,,,
464,UP,,b'nan',b'nan',b'nan',b'stance0001',926.6099999999999,,,,,,,,,,,,,,,,,,,,,
465,UP,,b'nan',b'nan',b'nan',b'stance0001',1213.52,,,,,,,,,,,,,,,,,,,,,
466,UP,,b'nan',b'nan',b'nan',b'stance0001',480.5,,,,,,,,,,,,,,,,,,,,,
467,UP,,b'nan',b'nan',b'nan',b'stance0001',355.95,,,,,,,,,,,,,,,,,,,,,
468,UP,,b'nan',b'nan',b'nan',b'stance0001',937.01,,,,,,,,,,,,,,,,,,,,,
469,UP,,b'nan',b'nan',b'nan',b'stance0001',357.15000000000003,,,,,,,,,,,,,,,,,,,,,
470,UP,,b'nan',b'nan',b'nan',b'stance0001',323.23,,,,,,,,,,,,,,,,,,,,,
471,UP,,b'nan',b'nan',b'nan',b'stance0001',782.235,,,,,,,,,,,,,,,,,,,,,
472,UP,,b'nan',b'nan',b'nan',b'stance0001',816.29,,,,,,,,,,,,,,,,,,,,,
473,UP,46.64685713949082,b'nan',b'nan',b'nan',b'stance0001',259.255,,,,,,,,,-35.277103394602335,,-43.47052617535938,,,-176.4422379336653,25.52731950426583,55.88946972118405,,51.946930773707024,,416.97427105347157,452.68664102516334
474,UP,,b'nan',b'nan',b'nan',b'stance0001',410.71,,,,,,,,,,,,,,,,,,,,,
475,UP,,b'nan',b'nan',b'nan',b'stance0001',563.9000000000001,,,,,,,,,,,,,,,,,,,,,
476,UP,,b'nan',b'nan',b'nan',b'stance0001',686.25,,,,,,,,,,,,,,,,,,,,,
477,UP,48.58412627100566,b'nan',b'nan',b'nan',b'stance0001',505.2,,,,,,,,,-37.697515518610444,,-45.45798371640386,,,-176.2291617392533,27.981426071007405,59.846996751638756,,,,432.959550478506,469.6101467017944
478,UP,,b'nan',b'nan',b'nan',b'stance0001',496.025,,,,,,,,,,,,,,,,,,,,,
479,UP,33.73933789615281,b'nan',b'nan',b'nan',b'stance0001',527.46,,,,,,,,,-24.036061466836706,,-30.626102195951756,,,-178.1500960459782,19.217624052375818,41.423757440196866,,,,312.2300141630651,337.59368393841754
480,UP,,b'nan',b'nan',b'nan',b'stance0001',313.23,,,,,,,,,,,,,,,,,,,,,
481,UP,47.834982685907455,b'nan',b'nan',b'nan',b'stance0001',538.05,,,,,,,,,-37.101562322618015,,-44.74885559860029,,,-176.76384853101035,28.200141803457466,62.48075181968726,,,,427.02166839465724,463.5999361835949
482,UP,,b'nan',b'nan',b'nan',b'stance0001',735.675,,,,,,,,,,,,,,,,,,,,,
483,UP,44.89694519208119,b'nan',b'nan',b'nan',b'stance0001',527.16,,,,,,,,,-32.77625971461757,,-41.81987406762671,,,-176.9392066175501,21.919909535792968,53.27042224125046,,,,404.40955299909456,437.90771495441413
484,UP,,b'nan',b'nan',b'nan',b'stance0001',208.52,,,,,,,,,,,,,,,,,,,,,
485,UP,,b'nan',b'nan',b'nan',b'stance0001',287.725,,,,,,,,,,,,,,,,,,,,,
486,UP,,b'nan',b'nan',b'nan',b'stance0001',436.735,,,,,,,,,,,,,,,,,,,,,
487,UP,,b'nan',b'nan',b'nan',b'stance0001',221.68,,,,,,,,,,,,,,,,,,,,,
488,UP,,b'nan',b'nan',b'nan',b'stance0001',220.61,,,,,,,,,,,,,,,,,,,,,
489,UP,,b'nan',b'nan',b'nan',b'stance0001',503.99,,,,,,,,,,,,,,,,,,,,,
490,UP,,b'nan',b'nan',b'nan',b'stance0001',361.11,,,,,,,,,,,,,,,,,,,,,
491,UP,,b'nan',b'nan',b'nan',b'stance0001',286.295,,,,,,,,,,,,,,,,,,,,,
492,UP,,b'nan',b'nan',b'nan',b'stance0001',149.4,,,,,,,,,,,,,,,,,,,,,
493,UP,42.89863899092712,b'nan',b'nan',b'nan',b'stance0001',492.04,,,,,,,,,-29.54849359056869,,-38.946197244365756,,,-177.91714853714876,18.213572469277114,46.202138592746316,,,,355.6889387482034,410.39540577347697
494,UP,,b'nan',b'nan',b'nan',b'stance0001',155.02499999999998,,,,,,,,,,,,,,,,,,,,,
495,UP,,b'nan',b'nan',b'nan',b'stance0001',116.815,,,,,,,,,,,,,,,,,,,,,
496,UP,,b'nan',b'nan',b'nan',b'stance0001',263.01,,,,,,,,,,,,,,,,,,,,,
497,UP,,b'nan',b'nan',b'nan',b'stance0001',1097.45,,,,,,,,,,,,,,,,,,,,,
498,UP,,b'nan',b'nan',b'nan',b'stance0001',772.3199999999999,,,,,,,,,,,,,,,,,,,,,
499,UP,25.19565302027146,b'nan',b'nan',b'nan',b'stance0001',512.0649999999999,,,,,,,,,-12.158039447015383,,-20.473195891107068,,,-178.81422019380054,7.59692903379011,22.2963289834424,,,,196.71340187757409,228.60410395045136
500,UP,,b'nan',b'nan',b'nan',b'stance0001',450.045,,,,,,,,,,,,,,,,,,,,,
501,UP,,b'nan',b'nan',b'nan',b'stance0001',719.735,,,,,,,,,,,,,,,,,,,,,
502,UP,,b'nan',b'nan',b'nan',b'stance0001',346.345,,,,,,,,,,,,,,,,,,,,,
503,UP,,b'nan',b'nan',b'nan',b'stance0001',286.35,,,,,,,,,,,,-6.854837144577549,,,,,,,,,
504,UP,,b'nan',b'nan',b'nan',b'stance0001',417.01,,,,,,,,,,,,,,,,,,,,,
505,UP,,b'nan',b'nan',b'nan',b'stance0001',32203.605,,,,,,,,,,,,-6.882077505100217,,,,,,,,,
506,UP,,b'nan',b'nan',b'nan',b'stance0001',32371.275,,,,,,,,,,,,-0.3361820448665626,,,,,,,,,
507,UP,17.45642943414822,b'nan',b'nan',b'nan',b'stance0001',31245.56,,,,,,,,,,-12.687851310896162,-10.561730193287385,-7.825892004345826,-4.861959306550336,,0.9160119563331022,,,,103.90242979716164,111.45551265884431,118.87962124493727
508,UP,,b'nan',b'nan',b'nan',b'stance0001',529.435,,,,,,,,,,,,,,,,,,,,,
509,UP,,b'nan',b'nan',b'nan',b'stance0001',31252.305,,,,,,,,,,,,-2.885354781695939,,,,,,,,,
510,UP,,b'nan',b'nan',b'nan',b'stance0001',616.76,,,,,,,,,,,,-10.249486633611497,,,,,,,,,
511,UP,,b'nan',b'nan',b'nan',b'stance0001',594.08,,,,,,,,,,,,-11.056420481231386,,,,,,,,,
512,UP,,b'nan',b'nan',b'nan',b'stance0001',199.64,,,,,,,,,,,,,,,,,,,,,
513,UP,,b'nan',b'nan',b'nan',b'stance0001',510.67,,,,,,,,,,,,-11.918047969657136,,,,,,,,,
514,UP,,b'nan',b'nan',b'nan',b'stance0001',362.77,,,,,,,,,,,,,,,,,,,,,
515,UP,,b'nan',b'nan',b'nan',b'stance0001',393.40999999999997,,,,,,,,,,,,,,,,,,,,,
516,UP,,b'nan',b'nan',b'nan',b'stance0001',227.845,,,,,,,,,,,,,,,,,,,,,
517,UP,,b'nan',b'nan',b'nan',b'stance0001',1035.37,,,,,,,,,,,,,,,,,,,,,
518,UP,,b'nan',b'nan',b'nan',b'stance0001',438.025,,,,,,,,,,,,,,,,,,,,,
519,UP,,b'nan',b'nan',b'nan',b'stance0001',415.325,,,,,,,,,,,,,,,,,,,,,
520,UP,,b'nan',b'nan',b'nan',b'stance0001',535.38,,,,,,,,,,,,,,,,,,,,,
521,UP,,b'nan',b'nan',b'nan',b'stance0001',157.0,,,,,,,,,,,,,,,,,,,,,
522,UP,,b'nan',b'nan',b'nan',b'stance0001',156.54,,,,,,,,,,,,,,,,,,,,,
523,UP,,b'nan',b'nan',b'nan',b'stance0001',19.92,,,,,,,,,,,,,,,,,,,,,
524,UP,,b'nan',b'nan',b'nan',b'stance0001',232.22,,,,,,,,,,,,,,,,,,,,,
525,UP,,b'nan',b'nan',b'nan',b'stance0001',424.575,,,,,,,,,,,,,,,,,,,,,
526,UP,,b'nan',b'nan',b'nan',b'stance0001',189.02,,,,,,,,,,,,,,,,,,,,,
527,UP,,b'nan',b'nan',b'nan',b'stance0001',233.72,,,,,,,,,,,,,,,,,,,,,
528,UP,,b'nan',b'nan',b'nan',b'stance0001',323.83,,,,,,,,,,,,,,,,,,,,,
529,UP,,b'nan',b'nan',b'nan',b'stance0001',507.75,,,,,,,,,,,,,,,,,,,,,
530,UP,,b'nan',b'nan',b'nan',b'stance0001',171.19,,,,,,,,,,,,,,,,,,,,,
531,UP,,b'nan',b'nan',b'nan',b'stance0001',289.07,,,,,,,,,,,,,,,,,,,,,
532,UP,,b'nan',b'nan',b'nan',b'stance0001',368.65,,,,,,,,,,,,,,,,,,,,,
533,UP,,b'nan',b'nan',b'nan',b'stance0001',230.2,,,,,,,,,,,,,,,,,,,,,
534,UP,,b'nan',b'nan',b'nan',b'stance0001',302.60999999999996,,,,,,,,,,,,,,,,,,,,,
535,UP,,b'nan',b'nan',b'nan',b'stance0001',238.78500000000003,,,,,,,,,,,,,,,,,,,,,
536,UP,,b'nan',b'nan',b'nan',b'stance0001',115.58000000000001,,,,,,,,,,,,,,,,,,,,,
537,UP,,b'nan',b'nan',b'nan',b'stance0001',127.77499999999999,,,,,,,,,,,,,,,,,,,,,
538,UP,,b'nan',b'nan',b'nan',b'stance0001',263.46,,,,,,,,,,,,,,,,,,,,,
539,UP,,b'nan',b'nan',b'nan',b'stance0001',368.14,,,,,,,,,,,,,,,,,,,,,
540,UP,,b'nan',b'nan',b'nan',b'stance0001',276.76,,,,,,,,,,,,,,,,,,,,,
541,UP,32.10989505317977,b'nan',b'nan',b'nan',b'stance0001',244.41500000000002,,,,,,,,,-16.1732347355051,,-21.155780488698436,,,-178.8873282607083,,27.891652151081352,,,,210.94458434279855,227.87458020142626
542,UP,,b'nan',b'nan',b'nan',b'stance0001',249.95999999999998,,,,,,,,,,,,,,,,,,,,,
543,UP,,b'nan',b'nan',b'nan',b'stance0001',261.7,,,,,,,,,,,,,,,,,,,,,
544,UP,,b'nan',b'nan',b'nan',b'stance0001',806.175,,,,,,,,,,,,,,,,,,,,,
545,UP,,b'nan',b'nan',b'nan',b'stance0001',162.635,,,,,,,,,,,,,,,,,,,,,
546,UP,,b'nan',b'nan',b'nan',b'stance0001',270.81,,,,,,,,,,,,,,,,,,,,,
547,UP,,b'nan',b'nan',b'nan',b'stance0001',875.675,,,,,,,,,,,,,,,,,,,,,
548,UP,,b'nan',b'nan',b'nan',b'stance0001',102.51,,,,,,,,,,,,,,,,,,,,,
549,UP,,b'nan',b'nan',b'nan',b'stance0001',261.02,,,,,,,,,,,,,,,,,,,,,
550,UP,,b'nan',b'nan',b'nan',b'stance0001',128.14499999999998,,,,,,,,,,,,,,,,,,,,,
551,UP,,b'nan',b'nan',b'nan',b'stance0001',225.26999999999998,,,,,,,,,,,,,,,,,,,,,
552,UP,,b'nan',b'nan',b'nan',b'stance0001',285.995,,,,,,,,,,,,,,,,,,,,,
553,UP,32.43839463804525,b'nan',b'nan',b'nan',b'stance0001',352.08500000000004,,,,,,,,,-16.207698633318188,,-21.607891943916297,,,-179.03427948495676,9.485092045422064,27.351820409571094,,,,223.27738185076248,231.8414425561732
554,UP,15.311905839672864,b'nan',b'nan',b'nan',b'stance0001',937.4749999999999,,,,,,,,,0.7303615446944047,,-4.456534475432599,,,179.95182566111302,6.4327913027103865,1.2327469596253962,,,,66.53325770357785,48.75833881936608
555,UP,10.495354751076325,b'nan',b'nan',b'nan',b'stance0001',22.685000000000002,,,,,,,,,6.205937159716679,,0.3274368396133764,,,179.27651786609349,11.066677342329504,9.973379895134352,,,,20.10229747477166,3.5532463995264867
556,UP,10.389855421820869,b'nan',b'nan',b'nan',b'stance0001',493.315,,,,,,,,,6.293926706336795,,0.5506958651273399,,,179.2770930565371,11.919777799066425,10.064843380512345,,,,18.915367202086358,5.967227075719209
557,UP,21.25409517989599,b'nan',b'nan',b'nan',b'stance0001',493.46,,,,,,,,,-4.62761071377679,,-10.41005802738292,,,-179.5848488987123,1.5982465648614224,7.70167431890215,,,,121.95598256219307,112.75281960469954
558,UP,10.577761476374194,b'nan',b'nan',b'nan',b'stance0001',436.225,,,,,,,,,6.944596049258392,,0.421315668524087,,,179.1499443464965,12.99763576751904,11.49998836632613,,,,21.002961922101083,4.576314745660106
559,UP,27.680674148586494,b'nan',b'nan',b'nan',b'stance0001',326.99,,,,,,,,,-8.678101002767901,,-16.72654540942514,,,-179.1000839934095,1.2880921339788527,14.243566196279389,,,,176.25927069513534,178.67628442777686
560,UP,12.507683502596468,b'nan',b'nan',b'nan',b'stance0001',332.72,,,,,,,,,3.666481411908061,,-1.7276564922914002,,,179.52748702064986,8.953301845854401,6.281038953710217,,,,39.31398465922563,18.69123610812835
561,UP,30.803750408995306,b'nan',b'nan',b'nan',b'stance0001',202.74,,,,,,,,,,,-20.215210874631165,,,,4.68268052195881,,,,,202.83609215282024,213.85584755303134
562,UP,28.740106957375964,b'nan',b'nan',b'nan',b'stance0001',230.365,,,,,,,,,,,-18.213411603212986,,,,,,,,,185.1390188250919,193.558452314609
563,UP,30.987091455801238,b'nan',b'nan',b'nan',b'stance0001',106.69,,,,,,,,,,,-20.431860614597113,,,,,,,,,204.50192568760568,216.53825076714344
564,UP,33.580366557006606,b'nan',b'nan',b'nan',b'stance0001',345.325,,,,,,,,,,,-23.132603506641573,,,,2.5923076428744083,,,,,227.54163644695714,244.34780109214944
565,UP,33.182022909074334,b'nan',b'nan',b'nan',b'stance0001',139.3,,,,,,,,,,,-22.783585305401957,,,,5.513726227168361,,,,,223.94814041815263,240.8002417277606
566,UP,,b'nan',b'nan',b'nan',b'stance0001',338.685,,,,,,,,,,,,,,,,,,,,,
567,UP,33.99576251575793,b'nan',b'nan',b'nan',b'stance0001',249.685,,,,,,,,,,,-23.594072601629858,,,,,,,,,229.88114680626026,249.65824019137065
568,UP,30.665621403248593,b'nan',b'nan',b'nan',b'stance0001',363.685,,,,,,,,,,,-20.415974137553384,,,,,,,,,203.1189373543442,216.99278357896895
569,UP,,b'nan',b'nan',b'nan',b'stance0001',353.15,,,,,,,,,,,,,,,,,,,,,
570,UP,,b'nan',b'nan',b'nan',b'stance0001',576.48,,,,,,,,,,,,,,,,,,,,,
571,UP,,b'nan',b'nan',b'nan',b'stance0001',164.11,,,,,,,,,,,,,,,,,,,,,
572,UP,,b'nan',b'nan',b'nan',b'stance0001',390.21500000000003,,,,,,,,,,,,,,,,,,,,,
573,UP,31.083981350693044,b'nan',b'nan',b'nan',b'stance0001',280.28,,,,,,,,,,,-20.97640977897857,,,,,,,,,209.10184920067226,221.43986253731018
574,UP,13.433940856666952,b'nan',b'nan',b'nan',b'stance0001',182.55499999999998,,,,,,,,,,,-3.2597378950888665,,,,,,,,,46.672843898767155,35.225153710175036
575,UP,16.463434725073242,b'nan',b'nan',b'nan',b'stance0001',444.11,,,,,,,,,1.6023234643683548,,-6.380633256243449,,,179.7928528695115,7.553118053799646,2.7595727601526936,,,,75.0970217489478,68.82020800679751
576,UP,,b'nan',b'nan',b'nan',b'stance0001',259.83500000000004,,,,,,,,,,,,,,,,,,,,,
577,UP,,b'nan',b'nan',b'nan',b'stance0001',1155.91,,,,,,,,,,,,,,,,,,,,,
578,UP,,b'nan',b'nan',b'nan',b'stance0001',1373.845,,,,,,,,,,,,,,,,,,,,,
579,UP,,b'nan',b'nan',b'nan',b'stance0001',281.87,,,,,,,,,,,,,,,,,,,,,
580,UP,,b'nan',b'nan',b'nan',b'stance0001',385.885,,,,,,,,,,,,,,,,,,,,,
581,UP,17.92988444072474,b'nan',b'nan',b'nan',b'stance0001',121.61999999999999,,,,,,,,,,,-7.80135866388824,,,,,,,,,,84.21480039509576
582,UP,,b'nan',b'nan',b'nan',b'stance0001',470.84,,,,,,,,,,,,,,,,,,,,,
583,UP,,b'nan',b'nan',b'nan',b'stance0001',104.41,,,,,,,,,,,,,,,,,,,,,
584,UP,,b'nan',b'nan',b'nan',b'stance0001',300.195,,,,,,,,,,,,,,,,,,,,,
585,UP,,b'nan',b'nan',b'nan',b'stance0001',187.295,,,,,,,,,,,,,,,,,,,,,
586,UP,22.48676264002765,b'nan',b'nan',b'nan',b'stance0001',674.05,,,,,,,,,-8.020676718353803,,-12.536415654597368,,,-179.01584571733562,,13.668395294628482,,,,,133.86244077410214
587,UP,27.32741994168372,b'nan',b'nan',b'nan',b'stance0001',65.69,,,,,,,,,-9.805160180502579,,-17.471534674062475,,,-178.75629795929981,4.110957956744214,15.5562477606524,,,,,184.21260169768527
588,UP,,b'nan',b'nan',b'nan',b'stance0001',1140.375,,,,,,,,,,,,,,,,,,,,,
589,UP,44.392613583151295,b'nan',b'nan',b'nan',b'stance0001',419.735,,,,,,,,,-24.20898420261635,,-34.56050699159299,,,-178.11248335839042,,37.234877513335135,,,,324.41694995967316,353.27179254051214
590,UP,38.86915063419297,b'nan',b'nan',b'nan',b'stance0001',751.32,,,,,,,,,-23.425897426215684,,-28.983178152004257,,,-178.43179381523066,14.631545254898949,39.05692694731113,,,,278.3613823616623,301.2196881085054
591,UP,13.596133548455956,b'nan',b'nan',b'nan',b'stance0001',890.8,,,,,,,,,,,-3.468045174236697,,,,7.239553640673535,,,,,45.76288096204376,37.29925798972114
592,UP,36.33250600259448,b'nan',b'nan',b'nan',b'stance0001',316.83000000000004,,,,,,,,,,,-26.506919267562232,,,,13.586132633685416,,,,,,277.4106268449015
593,UP,45.10363214556203,b'nan',b'nan',b'nan',b'stance0001',122.44,,,,,,,,,-28.388903938559782,,-35.22444959294785,,,-178.0936005894571,21.002647309851444,47.1373610177738,,,,328.82187331290487,359.3766634167106
594,UP,,b'nan',b'nan',b'nan',b'stance0001',531.35,,,,,,,,,,,,,,,,,,,,,
595,UP,,b'nan',b'nan',b'nan',b'stance0001',8.96,,,,,,,,,,,,,,,,,,,,,
596,UP,,b'nan',b'nan',b'nan',b'stance0001',197.41,,,,,,,,,,,,,,,,,,,,,
597,UP,,b'nan',b'nan',b'nan',b'stance0001',416.97,,,,,,,,,,,,,,,,,,,,,
598,UP,,b'nan',b'nan',b'nan',b'stance0001',429.9,,,,,,,,,,,,,,,,,,,,,
599,UP,,b'nan',b'nan',b'nan',b'stance0001',404.15,,,,,,,,,,,,,,,,,,,,,
600,UP,,b'nan',b'nan',b'nan',b'stance0001',250.25,,,,,,,,,,,,,,,,,,,,,
601,UP,,b'nan',b'nan',b'nan',b'stance0001',364.79,,,,,,,,,,,,,,,,,,,,,
602,UP,,b'nan',b'nan',b'nan',b'stance0001',197.495,,,,,,,,,,,,,,,,,,,,,
603,UP,51.09112462889463,b'nan',b'nan',b'nan',b'stance0001',549.93,,,,,,,,,-34.375742734207385,-45.26511326711938,-41.046546694740634,-15.048106716615555,-30.21700655050382,-177.7991763475349,30.151870796098272,60.401498793396485,,,326.9445923458444,,417.63198436921647
604,UP,,b'nan',b'nan',b'nan',b'stance0001',490.88,,,,,,,,,,,,,,,,,,,,,
605,UP,,b'nan',b'nan',b'nan',b'stance0001',161.47,,,,,,,,,,,,,,,,,,,,,
606,UP,,b'nan',b'nan',b'nan',b'stance0001',508.05,,,,,,,,,,,,,,,,,,,,,
607,UP,,b'nan',b'nan',b'nan',b'stance0001',162.47,,,,,,,,,,,,,,,,,,,,,
608,UP,,b'nan',b'nan',b'nan',b'stance0001',200.77,,,,,,,,,,,,,,,,,,,,,
609,UP,,b'nan',b'nan',b'nan',b'stance0001',165.9,,,,,,,,,,,,,,,,,,,,,
610,UP,,b'nan',b'nan',b'nan',b'stance0001',700.05,,,,,,,,,,,,,,,,,,,,,
611,UP,,b'nan',b'nan',b'nan',b'stance0001',111.36,,,,,,,,,,,,,,,,,,,,,
612,UP,,b'nan',b'nan',b'nan',b'stance0001',189.84,,,,,,,,,,,,,,,,,,,,,
613,UP,,b'nan',b'nan',b'nan',b'stance0001',186.27,,,,,,,,,,,,,,,,,,,,,
614,UP,,b'nan',b'nan',b'nan',b'stance0001',252.32,,,,,,,,,,,,,,,,,,,,,
615,UP,,b'nan',b'nan',b'nan',b'stance0001',92.28,,,,,,,,,,,,,,,,,,,,,
616,UP,,b'nan',b'nan',b'nan',b'stance0001',53.28,,,,,,,,,,,,,,,,,,,,,
617,UP,,b'nan',b'nan',b'nan',b'stance0001',48.47,,,,,,,,,,,,,,,,,,,,,
618,UP,,b'nan',b'nan',b'nan',b'stance0001',155.35,,,,,,,,,,,,,,,,,,,,,
619,UP,,b'nan',b'nan',b'nan',b'stance0001',158.7,,,,,,,,,,,,,,,,,,,,,
620,UP,,b'nan',b'nan',b'nan',b'stance0001',295.21,,,,,,,,,,,,,,,,,,,,,
621,UP,,b'nan',b'nan',b'nan',b'stance0001',135.27,,,,,,,,,,,,,,,,,,,,,
622,UP,,b'nan',b'nan',b'nan',b'stance0001',63.97,,,,,,,,,,,,,,,,,,,,,
623,UP,,b'nan',b'nan',b'nan',b'stance0001',168.08,,,,,,,,,,,,,,,,,,,,,
624,UP,,b'nan',b'nan',b'nan',b'stance0001',347.01,,,,,,,,,,,,,,,,,,,,,
625,UP,,b'nan',b'nan',b'nan',b'stance0001',183.56,,,,,,,,,,,,,,,,,,,,,
626,UP,,b'nan',b'nan',b'nan',b'stance0001',189.77,,,,,,,,,,,,,,,,,,,,,
627,UP,,b'nan',b'nan',b'nan',b'stance0001',96.55,,,,,,,,,,,,,,,,,,,,,
628,UP,,b'nan',b'nan',b'nan',b'stance0001',169.07,,,,,,,,,,,,,,,,,,,,,
629,UP,,b'nan',b'nan',b'nan',b'stance0001',36.29,,,,,,,,,,,,,,,,,,,,,
630,UP,,b'nan',b'nan',b'nan',b'stance0001',254.19,,,,,,,,,,,,,,,,,,,,,
631,UP,,b'nan',b'nan',b'nan',b'stance0001',11.49,,,,,,,,,,,,,,,,,,,,,
632,UP,,b'nan',b'nan',b'nan',b'stance0001',52.64,,,,,,,,,,,,,,,,,,,,,
633,UP,,b'nan',b'nan',b'nan',b'stance0001',151.77,,,,,,,,,,,,,,,,,,,,,
634,UP,,b'nan',b'nan',b'nan',b'stance0001',211.39,,,,,,,,,,,,,,,,,,,,,
635,UP,,b'nan',b'nan',b'nan',b'stance0001',65.89,,,,,,,,,,,,,,,,,,,,,
636,UP,,b'nan',b'nan',b'nan',b'stance0001',97.57,,,,,,,,,,,,,,,,,,,,,
637,UP,,b'nan',b'nan',b'nan',b'stance0001',32.97,,,,,,,,,,,,,,,,,,,,,
638,UP,,b'nan',b'nan',b'nan',b'stance0001',129.27,,,,,,,,,,,,,,,,,,,,,
639,UP,,b'nan',b'nan',b'nan',b'stance0001',147.93,,,,,,,,,,,,,,,,,,,,,
640,UP,,b'nan',b'nan',b'nan',b'stance0001',342.39,,,,,,,,,,,,,,,,,,,,,
641,UP,,b'nan',b'nan',b'nan',b'stance0001',367.77,,,,,,,,,,,,,,,,,,,,,
642,UP,,b'nan',b'nan',b'nan',b'stance0001',230.91,,,,,,,,,,,,,,,,,,,,,
643,UP,,b'nan',b'nan',b'nan',b'stance0001',273.52,,,,,,,,,,,,,,,,,,,,,
644,UP,,b'nan',b'nan',b'nan',b'stance0001',812.39,,,,,,,,,,,,,,,,,,,,,
645,UP,,b'nan',b'nan',b'nan',b'stance0001',367.26,,,,,,,,,,,,,,,,,,,,,
646,UP,,b'nan',b'nan',b'nan',b'stance0001',411.29,,,,,,,,,,,,,,,,,,,,,
647,UP,,b'nan',b'nan',b'nan',b'stance0001',441.89,,,,,,,,,,,,,,,,,,,,,
648,UP,4.761635759356309,b'nan',b'nan',b'nan',b'stance0001',312.92,,,,,,,,,3.0216628568333026,,8.999129803564816,,,6.638981083738082,1.5748559880152635,5.680780823614172,,,,32.65647388038189,69.88733482525558
649,UP,,b'nan',b'nan',b'nan',b'stance0001',685.5600000000001,,,,,,,,,,,,,,,,,,,,,
650,UP,4.047362984171055,b'nan',b'nan',b'nan',b'stance0001',240.5,,,,,,,,,2.4740367806410672,,10.004337885314943,,,5.299958253799218,0.22513177800287879,4.620301135035963,,,,39.293640262685514,77.03540843181663
651,UP,4.4715598975986826,b'nan',b'nan',b'nan',b'stance0001',165.63,,,,,,,,,2.549929924569529,,9.406431298445439,,,5.382547013691965,0.11960414831536575,4.677452998687711,13.008618536157963,,,35.40529912985144,72.34259008846277
652,UP,,b'nan',b'nan',b'nan',b'stance0001',428.63,,,,,,,,,,,,,,,,,,,,,
653,UP,4.2876582085111465,b'nan',b'nan',b'nan',b'stance0001',469.68,,,,,,,,,1.3612444854811567,,9.473513099379062,,,2.816713222958155,2.1921259875068846,2.4565769915396554,,,,34.823291103627476,72.64692403660801
654,UP,3.4673553931277032,b'nan',b'nan',b'nan',b'stance0001',419.69,,,,,,,,,1.626735095747879,,10.33426505757921,,,3.476526378671101,2.8195670084152504,3.003482840705968,11.87042791990578,,,39.34976520616539,79.63438889649821
655,UP,,b'nan',b'nan',b'nan',b'stance0001',229.42,,,,,,,,,,,,,,,,,,,,,
656,UP,,b'nan',b'nan',b'nan',b'stance0001',194.7,,,,,,,,,,,,,,,,,,,,,
657,UP,,b'nan',b'nan',b'nan',b'stance0001',202.04,,,,,,,,,,,,,,,,,,,,,
658,UP,,b'nan',b'nan',b'nan',b'stance0001',84.37,,,,,,,,,,,,,,,,,,,,,
659,UP,,b'nan',b'nan',b'nan',b'stance0001',446.33,,,,,,,,,,,,,,,,,,,,,
660,UP,,b'nan',b'nan',b'nan',b'stance0001',178.66,,,,,,,,,,,,,,,,,,,,,
661,UP,,b'nan',b'nan',b'nan',b'stance0001',163.21,,,,,,,,,,,,,,,,,,,,,
662,UP,,b'nan',b'nan',b'nan',b'stance0001',552.4,,,,,,,,,,,,,,,,,,,,,
663,UP,,b'nan',b'nan',b'nan',b'stance0001',271.01,,,,,,,,,,,,,,,,,,,,,
664,UP,,b'nan',b'nan',b'nan',b'stance0001',504.56,,,,,,,,,,,,,,,,,,,,,
665,UP,,b'nan',b'nan',b'nan',b'stance0001',385.45,,,,,,,,,,,,,,,,,,,,,
666,UP,,b'nan',b'nan',b'nan',b'stance0001',440.595,,,,,,,,,,,,,,,,,,,,,
667,UP,2.004348103840504,b'nan',b'nan',b'nan',b'stance0001',608.46,,,,,,,,,0.20774048686582963,,12.027674219790269,,,0.4428950248821101,6.310049119368698,0.4166857075961575,12.218325537563123,,,48.6856474753386,91.44612024448668
668,UP,,b'nan',b'nan',b'nan',b'stance0001',324.325,,,,,,,,,,,,,,,,,,,,,
669,UP,0.8448965496449885,b'nan',b'nan',b'nan',b'stance0001',28007.55,,,,,,,,,-0.8232151689949676,,13.022051086001088,,,-1.7947982937540947,9.288488704478198,1.7217907593536341,10.195579253172426,,,52.060092761381846,99.19663950361547
670,UP,69.08818306503264,b'nan',b'nan',b'nan',b'stance0001',361.99,,,,,,,,,-68.90465282648685,,-59.969941851067546,,,-177.61183196582223,61.631656355799514,114.8423170726629,156.1553403445671,,,493.3036259130497,568.1501268331377
671,UP,,b'nan',b'nan',b'nan',b'stance0001',233.18,,,,,,,,,,,,,,,,,,,,,
672,UP,,b'nan',b'nan',b'nan',b'stance0001',179.0,,,,,,,,,,,,,,,,,,,,,
673,UP,,b'nan',b'nan',b'nan',b'stance0001',467.36,,,,,,,,,,,,,,,,,,,,,
674,UP,,b'nan',b'nan',b'nan',b'stance0001',397.005,,,,,,,,,,,,,,,,,,,,,
675,UP,82.49168932481301,b'nan',b'nan',b'nan',b'stance0001',525.93,,,,,,,,,-84.13734916289518,,-73.87757801423741,,,-178.00632105295134,65.76109778549983,122.49006105149539,,,,537.6868815355456,628.9151454741209
676,UP,,b'nan',b'nan',b'nan',b'stance0001',435.26,,,,,,,,,,,,,,,,,,,,,
677,UP,,b'nan',b'nan',b'nan',b'stance0001',496.05,,,,,,,,,,,,,,,,,,,,,
678,UP,,b'nan',b'nan',b'nan',b'stance0001',707.68,,,,,,,,,,,,,,,,,,,,,
679,UP,,b'nan',b'nan',b'nan',b'stance0001',515.3,,,,,,,,,,,,,,,,,,,,,
680,UP,,b'nan',b'nan',b'nan',b'stance0001',416.51,,,,,,,,,,,,,,,,,,,,,
681,UP,,b'nan',b'nan',b'nan',b'stance0001',556.51,,,,,,,,,,,,,,,,,,,,,
682,UP,,b'nan',b'nan',b'nan',b'stance0001',596.75,,,,,,,,,,,,,,,,,,,,,
683,UP,,b'nan',b'nan',b'nan',b'stance0001',421.45,,,,,,,,,,,,,,,,,,,,,
684,UP,,b'nan',b'nan',b'nan',b'stance0001',444.89,,,,,,,,,,,,,,,,,,,,,
685,UP,,b'nan',b'nan',b'nan',b'stance0001',833.28,,,,,,,,,,,,,,,,,,,,,
686,UP,,b'nan',b'nan',b'nan',b'stance0001',537.61,,,,,,,,,,,,,,,,,,,,,
687,UP,,b'nan',b'nan',b'nan',b'stance0001',565.42,,,,,,,,,,,,,,,,,,,,,
688,UP,,b'nan',b'nan',b'nan',b'stance0001',339.81,,,,,,,,,,,,,,,,,,,,,
689,UP,,b'nan',b'nan',b'nan',b'stance0001',318.56,,,,,,,,,,,,,,,,,,,,,
690,UP,,b'nan',b'nan',b'nan',b'stance0001',100.6,,,,,,,,,,,,,,,,,,,,,
691,UP,,b'nan',b'nan',b'nan',b'stance0001',266.59,,,,,,,,,,,,,,,,,,,,,
692,UP,,b'nan',b'nan',b'nan',b'stance0001',389.71,,,,,,,,,,,,,,,,,,,,,
693,UP,,b'nan',b'nan',b'nan',b'stance0001',241.76,,,,,,,,,,,,,,,,,,,,,
694,UP,,b'nan',b'nan',b'nan',b'stance0001',65.25,,,,,,,,,,,,,,,,,,,,,
695,UP,,b'nan',b'nan',b'nan',b'stance0001',55.06,,,,,,,,,,,,,,,,,,,,,
696,UP,,b'nan',b'nan',b'nan',b'stance0001',69.17,,,,,,,,,,,,,,,,,,,,,
697,UP,,b'nan',b'nan',b'nan',b'stance0001',193.63,,,,,,,,,,,,,,,,,,,,,
698,UP,,b'nan',b'nan',b'nan',b'stance0001',211.63,,,,,,,,,,,,,,,,,,,,,
699,UP,,b'nan',b'nan',b'nan',b'stance0001',192.87,,,,,,,,,,,,,,,,,,,,,
700,UP,,b'nan',b'nan',b'nan',b'stance0001',94.53,,,,,,,,,,,,,,,,,,,,,
701,UP,,b'nan',b'nan',b'nan',b'stance0001',178.12,,,,,,,,,,,,,,,,,,,,,
702,UP,,b'nan',b'nan',b'nan',b'stance0001',111.01,,,,,,,,,,,,,,,,,,,,,
703,UP,,b'nan',b'nan',b'nan',b'stance0001',123.81,,,,,,,,,,,,,,,,,,,,,
704,UP,,b'nan',b'nan',b'nan',b'stance0001',79.25,,,,,,,,,,,,,,,,,,,,,
705,UP,,b'nan',b'nan',b'nan',b'stance0001',65.57,,,,,,,,,,,,,,,,,,,,,
706,UP,,b'nan',b'nan',b'nan',b'stance0001',153.2,,,,,,,,,,,,,,,,,,,,,
707,UP,,b'nan',b'nan',b'nan',b'stance0001',134.96,,,,,,,,,,,,,,,,,,,,,
708,UP,,b'nan',b'nan',b'nan',b'stance0001',177.33,,,,,,,,,,,,,,,,,,,,,
709,UP,,b'nan',b'nan',b'nan',b'stance0001',135.17,,,,,,,,,,,,,,,,,,,,,
710,UP,,b'nan',b'nan',b'nan',b'stance0001',97.09,,,,,,,,,,,,,,,,,,,,,
711,UP,,b'nan',b'nan',b'nan',b'stance0001',49.29,,,,,,,,,,,,,,,,,,,,,
712,UP,,b'nan',b'nan',b'nan',b'stance0001',135.14,,,,,,,,,,,,,,,,,,,,,
713,UP,,b'nan',b'nan',b'nan',b'stance0001',129.86,,,,,,,,,,,,,,,,,,,,,
714,UP,,b'nan',b'nan',b'nan',b'stance0001',253.09,,,,,,,,,,,,,,,,,,,,,
715,UP,,b'nan',b'nan',b'nan',b'stance0001',134.86,,,,,,,,,,,,,,,,,,,,,
716,UP,,b'nan',b'nan',b'nan',b'stance0001',63.81,,,,,,,,,,,,,,,,,,,,,
717,UP,,b'nan',b'nan',b'nan',b'stance0001',145.75,,,,,,,,,,,,,,,,,,,,,
718,UP,,b'nan',b'nan',b'nan',b'stance0001',144.21,,,,,,,,,,,,,,,,,,,,,
719,UP,,b'nan',b'nan',b'nan',b'stance0001',159.49,,,,,,,,,,,,,,,,,,,,,
720,UP,,b'nan',b'nan',b'nan',b'stance0001',86.84,,,,,,,,,,,,,,,,,,,,,
721,UP,,b'nan',b'nan',b'nan',b'stance0001',64.98,,,,,,,,,,,,,,,,,,,,,
722,UP,,b'nan',b'nan',b'nan',b'stance0001',28.66,,,,,,,,,,,,,,,,,,,,,
723,UP,,b'nan',b'nan',b'nan',b'stance0001',82.87,,,,,,,,,,,,,,,,,,,,,
724,UP,,b'nan',b'nan',b'nan',b'stance0001',67.41,,,,,,,,,,,,,,,,,,,,,
725,UP,,b'nan',b'nan',b'nan',b'stance0001',153.35,,,,,,,,,,,,,,,,,,,,,
726,UP,,b'nan',b'nan',b'nan',b'stance0001',71.94,,,,,,,,,,,,,,,,,,,,,
727,UP,,b'nan',b'nan',b'nan',b'stance0001',40.76,,,,,,,,,,,,,,,,,,,,,
728,UP,,b'nan',b'nan',b'nan',b'stance0001',102.86,,,,,,,,,,,,,,,,,,,,,
729,UP,,b'nan',b'nan',b'nan',b'stance0001',31.57,,,,,,,,,,,,,,,,,,,,,
730,UP,,b'nan',b'nan',b'nan',b'stance0001',60.66,,,,,,,,,,,,,,,,,,,,,
731,UP,,b'nan',b'nan',b'nan',b'stance0001',215.97,,,,,,,,,,,,,,,,,,,,,
732,UP,,b'nan',b'nan',b'nan',b'stance0001',68.16,,,,,,,,,,,,,,,,,,,,,
733,UP,,b'nan',b'nan',b'nan',b'stance0001',22.86,,,,,,,,,,,,,,,,,,,,,
734,UP,,b'nan',b'nan',b'nan',b'stance0001',230.09,,,,,,,,,,,,,,,,,,,,,
735,UP,,b'nan',b'nan',b'nan',b'stance0001',74.78,,,,,,,,,,,,,,,,,,,,,
736,UP,,b'nan',b'nan',b'nan',b'stance0001',157.38,,,,,,,,,,,,,,,,,,,,,
737,UP,72.69106886560519,b'nan',b'nan',b'nan',b'stance0001',235.24,,,,,,,,,,,-64.57303375855854,,,,,,,,,493.2186523919705,575.8946334795484
738,UP,78.42513330154648,b'nan',b'nan',b'nan',b'stance0001',311.105,,,,,,,,,,,-70.3133197833471,,,,,,,,,511.2751499419614,601.9221849774251
739,UP,67.8712699878408,b'nan',b'nan',b'nan',b'stance0001',164.26,,,,,,,,,,,-59.72630206897345,,,,,,,294.69325026956466,,473.2954201623222,550.8169502636864
740,UP,70.35508490938992,b'nan',b'nan',b'nan',b'stance0001',147.81,,,,,,,,,,,-62.18603004370657,,,,56.54092880213399,,,,,482.63003571858036,564.7053401514469
741,UP,72.97025383250947,b'nan',b'nan',b'nan',b'stance0001',73.6,,,,,,,,,,,-64.84508192754906,,,,,,,,,493.2543901636468,578.5170225851675
742,UP,69.64434004807124,b'nan',b'nan',b'nan',b'stance0001',116.085,,,,,,,,,,,-61.52211377745676,,,,,,,,,481.3706407242141,562.0745470553359
743,UP,67.56784737825882,b'nan',b'nan',b'nan',b'stance0001',124.6,,,,,,,,,,-66.53226225159092,-59.42840205031735,-25.49885451262187,-41.033407738969046,,55.712891208531055,,,,429.95972679687486,473.2577944450486,550.5537839522831
744,UP,70.68434456278774,b'nan',b'nan',b'nan',b'stance0001',142.305,,,,,,,,,,,-62.60422350606822,,,,,,,,,485.35951423613693,567.6989799364757
745,UP,49.58921037727909,b'nan',b'nan',b'nan',b'stance0001',137.74,,,,,,,,,,-48.55474596931671,-41.58191539375199,-25.06634516533874,-23.48840080397798,,,,,,351.85260731437637,378.5313857619432,424.98189152089316
746,UP,,b'nan',b'nan',b'nan',b'stance0001',169.51,,,,,,,,,,,,,,,,,,,,,
747,UP,,b'nan',b'nan',b'nan',b'stance0001',25.48,,,,,,,,,,,,,,,,,,,,,
748,UP,,b'nan',b'nan',b'nan',b'stance0001',40.09,,,,,,,,,,,,,,,,,,,,,
749,UP,,b'nan',b'nan',b'nan',b'stance0001',100.89,,,,,,,,,,,,,,,,,,,,,
750,UP,,b'nan',b'nan',b'nan',b'stance0001',75.2,,,,,,,,,,,,,,,,,,,,,
751,UP,,b'nan',b'nan',b'nan',b'stance0001',91.92,,,,,,,,,,,,,,,,,,,,,
752,UP,,b'nan',b'nan',b'nan',b'stance0001',933.075,,,,,,,,,,,,,,,,,,,,,
753,UP,81.1183169380554,b'nan',b'nan',b'nan',b'stance0001',95.27,,,,,,,,,,,-73.80507049073246,,,,,,,,,,615.9903960826194
754,UP,,b'nan',b'nan',b'nan',b'stance0001',129.065,,,,,,,,,,,,,,,,,,,,,
755,UP,,b'nan',b'nan',b'nan',b'stance0001',195.05,,,,,,,,,,,,,,,,,,,,,
756,UP,,b'nan',b'nan',b'nan',b'stance0001',227.485,,,,,,,,,,,,,,,,,,,,,
757,UP,85.43635966747405,b'nan',b'nan',b'nan',b'stance0001',179.98499999999999,,,,,,,,,,,-78.60291887267125,,,,,,,,,,626.2036300390172
758,UP,81.39057936309666,b'nan',b'nan',b'nan',b'stance0001',122.38,,,,,,,,,,,-74.874850680469,,,,,,,,,,617.6549330916715
759,UP,,b'nan',b'nan',b'nan',b'stance0001',100.91,,,,,,,,,,,,,,,,,,,,,
760,UP,77.59755917257661,b'nan',b'nan',b'nan',b'stance0001',92.50999999999999,,,,,,,,,,,-71.45352496001469,,,,,,,,,530.9372915502295,608.1493558411797
761,UP,78.21088309766496,b'nan',b'nan',b'nan',b'stance0001',117.07000000000001,,,,,,,,,-89.83783151372194,,-72.36787822753672,,,-176.8067178427226,,119.46255398547517,,,,536.6451500009864,613.0709483744926
762,UP,82.215962289025,b'nan',b'nan',b'nan',b'stance0001',174.215,,,,,,,,,,,-76.55727550561531,,,,,,,,,516.1446196873852,623.5847518417139
763,UP,76.65188160122845,b'nan',b'nan',b'nan',b'stance0001',33.37,,,,,,,,,,,-71.30352085306217,,,,,,,,,504.71029362375845,607.114657023257
764,UP,,b'nan',b'nan',b'nan',b'stance0001',130.65,,,,,,,,,,,,,,,,,,,,,
765,UP,,b'nan',b'nan',b'nan',b'stance0001',178.07999999999998,,,,,,,,,,,,,,,,,,,,,
766,UP,,b'nan',b'nan',b'nan',b'stance0001',134.63,,,,,,,,,,,,,,,,,,,,,
767,UP,,b'nan',b'nan',b'nan',b'stance0001',68.45,,,,,,,,,,,,,,,,,,,,,
768,UP,72.4814012692469,b'nan',b'nan',b'nan',b'stance0001',232.33,,,,,,,,,,,-67.74122044026848,,,,,,,,,492.57484132005794,596.7538297927942
769,UP,71.08957510649276,b'nan',b'nan',b'nan',b'stance0001',130.98,,,,,,,,,,,-66.43063599920274,,,,,,,,,488.1860855097008,589.4859923932754
770,UP,,b'nan',b'nan',b'nan',b'stance0001',37.89,,,,,,,,,,,,,,,,,,,,,
771,UP,,b'nan',b'nan',b'nan',b'stance0001',26257.025,,,,,,,,,,,,,,,,,,,,,
772,UP,73.53174289273647,b'nan',b'nan',b'nan',b'stance0001',26115.88,,,,,,,,,,,-69.01563003555765,,,,,,,,,509.9187766315576,599.058713589877
773,UP,1.39142938311384,b'nan',b'nan',b'nan',b'stance0001',26189.415,,,,,,,,,,,5.603563212088834,,,,18.27574792381528,,,,,11.454748626834725,42.33545176077136
774,UP,63.22887926711181,b'nan',b'nan',b'nan',b'stance0001',220.17000000000002,,,,,,,,,-77.22401909176861,,-58.7285442668612,,,-176.58169277546062,55.48310265884959,107.78317708908654,,,,461.50443207400974,548.7303214344146
775,UP,61.71581541353533,b'nan',b'nan',b'nan',b'stance0001',95.88,,,,,,,,,-75.34339369913837,,-57.1007580371638,,,-176.57205455473462,54.16779550275393,103.66306188253051,,,,451.9274222530592,536.9546844496967
776,UP,63.001571901962485,b'nan',b'nan',b'nan',b'nan',74.705,,,,,,,,,-77.56527602485043,,-58.34959139457612,,,-176.38783029992993,54.11034076170208,103.97017939616394,,,,459.0555885867555,544.6282465473823
777,UP,66.02853844336494,b'nan',b'nan',b'nan',b'nan',123.9,,,,,,,,,-80.06288920180779,,-61.26223813979089,,,-176.40867726362734,,106.37671131162016,,,,469.86577875716256,559.8151816719603
778,UP,71.40466249670612,b'nan',b'nan',b'nan',b'nan',95.47,,,,,,,,,,,-66.51247334885282,,,,,,,,,486.978304532392,585.1557074052203
779,UP,70.23246975939148,b'nan',b'nan',b'nan',b'nan',113.875,,,,,,,,,,,-65.2408394044688,,,,,,,,,483.062525019776,579.373568803326
780,UP,73.37479909934397,b'nan',b'nan',b'nan',b'nan',85.88,,,,,,,,,,,-68.38879400562656,,,,,,,,,491.86028202860535,593.7450950610356
781,UP,,b'nan',b'nan',b'nan',b'nan',16.15,,,,,,,,,,,,,,,,,,,,,
782,UP,,b'nan',b'nan',b'nan',b'nan',137.155,,,,,,,,,,,,,,,,,,,,,
783,UP,38.058797336639245,b'nan',b'nan',b'nan',b'nan',39.73,,,,,,,,,,,-32.67353743353566,,,,,,,,,302.5808341241996,343.91794540379414
784,UP,,b'nan',b'nan',b'nan',b'nan',102.03,,,,,,,,,,,,,,,,,,,,,
785,UP,,b'nan',b'nan',b'nan',b'nan',35.43,,,,,,,,,,,,,,,,,,,,,
786,UP,,b'nan',b'nan',b'nan',b'nan',139.265,,,,,,,,,,,,,,,,,,,,,
787,UP,81.20230820248482,b'nan',b'nan',b'nan',b'nan',679.9,,,,,,,,,-93.76786621438481,,-76.36908621544167,,,-176.03940924555127,51.19804494800356,102.67014676974384,,,,510.98171460105414,620.7612509683773
788,UP,33.74701161838169,b'nan',b'nan',b'nan',b'nan',650.53,,,,,,,,,,,-28.5336445085213,,,,,,,,,270.4604726993408,304.1576671692128
789,UP,80.57833806836565,b'nan',b'nan',b'nan',b'nan',70.61000000000001,,,,,,,,,,,-75.74198015756362,,,,,,,,,509.71513744416666,620.0295099289093
790,UP,78.54811089922144,b'nan',b'nan',b'nan',b'nan',65.875,,,,,,,,,,,-73.70417130661033,,,,,,,,,505.69270721811597,613.9056753380953
791,UP,75.74506213816922,b'nan',b'nan',b'nan',b'nan',118.28999999999999,,,,,,,,,,,-70.94682717680148,,,,,,,,,499.16038470142007,604.2341480330575
792,UP,79.14606902669085,b'nan',b'nan',b'nan',b'nan',69.435,,,,,,,,,,,-74.40582102908296,,,,,,,,,507.4448729297046,616.4597488792831
793,UP,84.88986037666716,b'nan',b'nan',b'nan',b'nan',35.26,,,,,,,,,,,-80.1215365475285,,,,,,,,,516.5326026407505,630.6495239686323
794,UP,,b'nan',b'nan',b'nan',b'nan',163.0,,,,,,,,,,,,,,,,,,,,,
795,UP,,b'nan',b'nan',b'nan',b'nan',137.6,,,,,,,,,,,,,,,,,,,,,
796,UP,,b'nan',b'nan',b'nan',b'nan',47.78,,,,,,,,,,,,,,,,,,,,,
797,UP,,b'nan',b'nan',b'nan',b'nan',20.96,,,,,,,,,,,,,,,,,,,,,
798,UP,,b'nan',b'nan',b'nan',b'nan',95.92,,,,,,,,,,,,,,,,,,,,,
799,UP,,b'nan',b'nan',b'nan',b'nan',27.2,,,,,,,,,,,,,,,,,,,,,
800,UP,,b'nan',b'nan',b'nan',b'nan',100.85,,,,,,,,,,,,,,,,,,,,,
801,UP,,b'nan',b'nan',b'nan',b'nan',206.11,,,,,,,,,,,,,,,,,,,,,
802,UP,,b'nan',b'nan',b'nan',b'nan',53.85,,,,,,,,,,,,,,,,,,,,,
803,UP,,b'nan',b'nan',b'nan',b'nan',68.39,,,,,,,,,,,,,,,,,,,,,
804,UP,,b'nan',b'nan',b'nan',b'nan',57.17,,,,,,,,,,,,,,,,,,,,,
805,UP,,b'nan',b'nan',b'nan',b'nan',30.05,,,,,,,,,,,,,,,,,,,,,
806,UP,,b'nan',b'nan',b'nan',b'nan',55.39,,,,,,,,,,,,,,,,,,,,,
807,UP,,b'nan',b'nan',b'nan',b'nan',25.81,,,,,,,,,,,,,,,,,,,,,
808,UP,,b'nan',b'nan',b'nan',b'nan',165.38,,,,,,,,,,,,,,,,,,,,,
809,UP,,b'nan',b'nan',b'nan',b'nan',109.36,,,,,,,,,,,,,,,,,,,,,
810,UP,,b'nan',b'nan',b'nan',b'nan',106.77,,,,,,,,,,,,,,,,,,,,,
811,UP,,b'nan',b'nan',b'nan',b'nan',94.63,,,,,,,,,,,,,,,,,,,,,
812,UP,,b'nan',b'nan',b'nan',b'nan',75.23,,,,,,,,,,,,,,,,,,,,,
813,UP,,b'nan',b'nan',b'nan',b'nan',99.49,,,,,,,,,,,,,,,,,,,,,
814,UP,,b'nan',b'nan',b'nan',b'nan',18.29,,,,,,,,,,,,,,,,,,,,,
815,UP,,b'nan',b'nan',b'nan',b'nan',87.18,,,,,,,,,,,,,,,,,,,,,
816,UP,,b'nan',b'nan',b'nan',b'nan',134.98,,,,,,,,,,,,,,,,,,,,,
817,UP,,b'nan',b'nan',b'nan',b'nan',47.48,,,,,,,,,,,,,,,,,,,,,
818,UP,,b'nan',b'nan',b'nan',b'nan',234.67,,,,,,,,,,,,,,,,,,,,,
819,UP,,b'nan',b'nan',b'nan',b'nan',39.0,,,,,,,,,,,,,,,,,,,,,
820,UP,,b'nan',b'nan',b'nan',b'nan',85.41,,,,,,,,,,,,,,,,,,,,,
821,UP,,b'nan',b'nan',b'nan',b'nan',53.52,,,,,,,,,,,,,,,,,,,,,
822,UP,,b'nan',b'nan',b'nan',b'nan',98.53,,,,,,,,,,,,,,,,,,,,,
823,UP,,b'nan',b'nan',b'nan',b'nan',127.91,,,,,,,,,,,,,,,,,,,,,
824,UP,,b'nan',b'nan',b'nan',b'nan',229.62,,,,,,,,,,,,,,,,,,,,,
825,UP,,b'nan',b'nan',b'nan',b'nan',66.92,,,,,,,,,,,,,,,,,,,,,
826,UP,,b'nan',b'nan',b'nan',b'nan',94.94,,,,,,,,,,,,,,,,,,,,,
827,UP,,b'nan',b'nan',b'nan',b'nan',212.66,,,,,,,,,,,,,,,,,,,,,
828,UP,,b'nan',b'nan',b'nan',b'nan',30.12,,,,,,,,,,,,,,,,,,,,,
829,UP,,b'nan',b'nan',b'nan',b'nan',233.54,,,,,,,,,,,,,,,,,,,,,
830,UP,,b'nan',b'nan',b'nan',b'nan',77.22,,,,,,,,,,,,,,,,,,,,,
831,UP,,b'nan',b'nan',b'nan',b'nan',154.42,,,,,,,,,,,,,,,,,,,,,
832,UP,,b'nan',b'nan',b'nan',b'nan',124.71,,,,,,,,,,,,,,,,,,,,,
833,UP,,b'nan',b'nan',b'nan',b'nan',33.07,,,,,,,,,,,,,,,,,,,,,
834,UP,,b'nan',b'nan',b'nan',b'nan',90.51,,,,,,,,,,,,,,,,,,,,,
835,UP,,b'nan',b'nan',b'nan',b'nan',82.6,,,,,,,,,,,,,,,,,,,,,
836,UP,,b'nan',b'nan',b'nan',b'nan',103.35,,,,,,,,,,,,,,,,,,,,,
837,UP,,b'nan',b'nan',b'nan',b'nan',83.02,,,,,,,,,,,,,,,,,,,,,
838,UP,,b'nan',b'nan',b'nan',b'nan',45.78,,,,,,,,,,,,,,,,,,,,,
839,UP,,b'nan',b'nan',b'nan',b'nan',50.09,,,,,,,,,,,,,,,,,,,,,
840,UP,,b'nan',b'nan',b'nan',b'nan',157.65,,,,,,,,,,,,,,,,,,,,,
841,UP,,b'nan',b'nan',b'nan',b'nan',37.61,,,,,,,,,,,,,,,,,,,,,
842,UP,,b'nan',b'nan',b'nan',b'nan',77.765,,,,,,,,,,,,,,,,,,,,,
843,UP,,b'nan',b'nan',b'nan',b'nan',160.94,,,,,,,,,,,,,,,,,,,,,
844,UP,,b'nan',b'nan',b'nan',b'nan',167.125,,,,,,,,,,,,,,,,,,,,,
845,UP,,b'nan',b'nan',b'nan',b'nan',153.235,,,,,,,,,,,,,,,,,,,,,
846,UP,,b'nan',b'nan',b'nan',b'nan',174.82,,,,,,,,,,,,,,,,,,,,,
847,UP,,b'nan',b'nan',b'nan',b'nan',182.335,,,,,,,,,,,,,,,,,,,,,
848,UP,,b'nan',b'nan',b'nan',b'nan',58.595,,,,,,,,,,,,,,,,,,,,,
849,UP,0.256669403080178,b'nan',b'nan',b'nan',b'nan',169.88,,,,,,,,,,,7.859685551476726,,,,,,,,,17.491464294248615,59.12420311459682
850,UP,,b'nan',b'nan',b'nan',b'nan',195.65,,,,,,,,,,,,,,,,,,,,,
851,UP,,b'nan',b'nan',b'nan',b'nan',62.58,,,,,,,,,,,,,,,,,,,,,
852,UP,,b'nan',b'nan',b'nan',b'nan',158.745,,,,,,,,,,,,,,,,,,,,,
853,UP,,b'nan',b'nan',b'nan',b'nan',182.38,,,,,,,,,,,,,,,,,,,,,
854,UP,,b'nan',b'nan',b'nan',b'nan',165.41,,,,,,,,,,,,,,,,,,,,,
855,UP,,b'nan',b'nan',b'nan',b'nan',96.205,,,,,,,,,,,,,,,,,,,,,
856,UP,,b'nan',b'nan',b'nan',b'nan',30.025,,,,,,,,,,,,,,,,,,,,,
857,UP,,b'nan',b'nan',b'nan',b'nan',156.945,,,,,,,,,,,,,,,,,,,,,
858,UP,,b'nan',b'nan',b'nan',b'nan',112.79,,,,,,,,,,,,,,,,,,,,,
859,UP,,b'nan',b'nan',b'nan',b'nan',312.68,,,,,,,,,,,,,,,,,,,,,
860,UP,,b'nan',b'nan',b'nan',b'nan',259.58500000000004,,,,,,,,,,,,,,,,,,,,,
861,UP,,b'nan',b'nan',b'nan',b'nan',79.265,,,,,,,,,,,,,,,,,,,,,
862,UP,,b'nan',b'nan',b'nan',b'nan',220.645,,,,,,,,,,,,,,,,,,,,,
863,UP,,b'nan',b'nan',b'nan',b'nan',99.155,,,,,,,,,,,,,,,,,,,,,
864,UP,,b'nan',b'nan',b'nan',b'nan',138.76999999999998,,,,,,,,,,,,,,,,,,,,,
865,UP,,b'nan',b'nan',b'nan',b'nan',52.33,,,,,,,,,,,,,,,,,,,,,
866,UP,,b'nan',b'nan',b'nan',b'nan',87.755,,,,,,,,,,,,,,,,,,,,,
867,UP,,b'nan',b'nan',b'nan',b'nan',33.864999999999995,,,,,,,,,,,,,,,,,,,,,
868,UP,,b'nan',b'nan',b'nan',b'nan',75.265,,,,,,,,,,,,,,,,,,,,,
869,UP,,b'nan',b'nan',b'nan',b'nan',101.42500000000001,,,,,,,,,,,,,,,,,,,,,
870,UP,,b'nan',b'nan',b'nan',b'nan',82.53,,,,,,,,,,,,,,,,,,,,,
871,UP,,b'nan',b'nan',b'nan',b'nan',78.91,,,,,,,,,,,,,,,,,,,,,
872,UP,,b'nan',b'nan',b'nan',b'nan',82.155,,,,,,,,,,,,,,,,,,,,,
873,UP,,b'nan',b'nan',b'nan',b'nan',93.87,,,,,,,,,,,,,,,,,,,,,
874,UP,,b'nan',b'nan',b'nan',b'nan',54.894999999999996,,,,,,,,,,,,,,,,,,,,,
875,UP,,b'nan',b'nan',b'nan',b'nan',63.21,,,,,,,,,,,,,,,,,,,,,
876,UP,,b'nan',b'nan',b'nan',b'nan',155.845,,,,,,,,,,,,,,,,,,,,,
877,UP,,b'nan',b'nan',b'nan',b'nan',121.44,,,,,,,,,,,,,,,,,,,,,
878,UP,,b'nan',b'nan',b'nan',b'nan',198.41500000000002,,,,,,,,,,,,,,,,,,,,,
879,UP,,b'nan',b'nan',b'nan',b'nan',169.47500000000002,,,,,,,,,,,,,,,,,,,,,
880,UP,,b'nan',b'nan',b'nan',b'nan',98.22,,,,,,,,,,,,,,,,,,,,,
881,UP,,b'nan',b'nan',b'nan',b'nan',205.585,,,,,,,,,,,,,,,,,,,,,
882,UP,,b'nan',b'nan',b'nan',b'nan',106.675,,,,,,,,,,,,,,,,,,,,,
883,UP,,b'nan',b'nan',b'nan',b'nan',266.705,,,,,,,,,,,,,,,,,,,,,
884,UP,,b'nan',b'nan',b'nan',b'nan',63.895,,,,,,,,,,,,,,,,,,,,,
885,UP,,b'nan',b'nan',b'nan',b'nan',292.885,,,,,,,,,,,,,,,,,,,,,
886,UP,,b'nan',b'nan',b'nan',b'nan',476.14,,,,,,,,,,,,,,,,,,,,,
887,UP,,b'nan',b'nan',b'nan',b'nan',176.545,,,,,,,,,,,,,,,,,,,,,
888,UP,,b'nan',b'nan',b'nan',b'nan',247.305,,,,,,,,,,,,,,,,,,,,,
889,UP,,b'nan',b'nan',b'nan',b'nan',273.36,,,,,,,,,,,,,,,,,,,,,
890,UP,,b'nan',b'nan',b'nan',b'nan',298.57000000000005,,,,,,,,,,,,,,,,,,,,,
891,UP,,b'nan',b'nan',b'nan',b'nan',295.655,,,,,,,,,,,,,,,,,,,,,
892,UP,,b'nan',b'nan',b'nan',b'nan',305.845,,,,,,,,,,,,,,,,,,,,,
893,UP,,b'nan',b'nan',b'nan',b'nan',27719.585,,,,,,,,,,,,,,,,,,,,,
894,UP,,b'nan',b'nan',b'nan',b'nan',27688.420000000002,,,,,,,,,,,,,,,,,,,,,
895,UP,,b'nan',b'nan',b'nan',b'nan',154.91,,,,,,,,,,,,,,,,,,,,,
896,UP,,b'nan',b'nan',b'nan',b'nan',24.915,,,,,,,,,,,,,,,,,,,,,
897,UP,,b'nan',b'nan',b'nan',b'nan',164.29999999999998,,,,,,,,,,,,,,,,,,,,,
898,UP,,b'nan',b'nan',b'nan',b'nan',153.41,,,,,,,,,,,,,,,,,,,,,
899,UP,,b'nan',b'nan',b'nan',b'nan',44.465,,,,,,,,,,,,,,,,,,,,,
900,UP,,b'nan',b'nan',b'nan',b'nan',197.74,,,,,,,,,,,,,,,,,,,,,
901,UP,,b'nan',b'nan',b'nan',b'nan',121.73,,,,,,,,,,,,,,,,,,,,,
902,UP,,b'nan',b'nan',b'nan',b'nan',222.565,,,,,,,,,,,,,,,,,,,,,
903,UP,,b'nan',b'nan',b'nan',b'nan',101.6,,,,,,,,,,,,,,,,,,,,,
904,UP,,b'nan',b'nan',b'nan',b'nan',339.69,,,,,,,,,,,,,,,,,,,,,
905,UP,,b'nan',b'nan',b'nan',b'nan',66.88499999999999,,,,,,,,,,,,,,,,,,,,,
906,UP,,b'nan',b'nan',b'nan',b'nan',101.00999999999999,,,,,,,,,,,,,,,,,,,,,
907,UP,,b'nan',b'nan',b'nan',b'nan',58.775,,,,,,,,,,,,,,,,,,,,,
908,UP,,b'nan',b'nan',b'nan',b'nan',50.13,,,,,,,,,,,,,,,,,,,,,
909,UP,,b'nan',b'nan',b'nan',b'nan',70.91,,,,,,,,,,,,,,,,,,,,,
910,UP,,b'nan',b'nan',b'nan',b'nan',80.17,,,,,,,,,,,,,,,,,,,,,
911,UP,,b'nan',b'nan',b'nan',b'nan',68.34,,,,,,,,,,,,,,,,,,,,,
912,UP,,b'nan',b'nan',b'nan',b'nan',68.34,,,,,,,,,,,,,,,,,,,,,
